id,ra,dec,class,subclass
7504995200151145920600060103,97.018942,5.0990976,STAR,K4III (136726)
7503578800151145920600060103,97.554935,3.8578903,STAR,O8/O9 (167771)
7503583500151145920600060103,97.499078,3.9292703,STAR,O8/O9 (167771)
7503583900151145920600060103,97.465421,3.9365936,GALAXY,
7503569500151145920600060103,97.700777,3.8271677,STAR,A9V (154660)
7503590400151145920600060103,97.635146,3.9671056,STAR,CV
7503587100151145920600060103,97.696842,3.9655558,STAR,O8/O9 (167771)
7503572300151145920600060103,97.901452,3.8193968,STAR,K4Iab: (34255)
7503589200151145920600060103,97.777796,4.0300923,GALAXY,
7503590000151145920600060103,97.852638,4.0797064,STAR,WDcooler
7503670900151145920600060103,97.823107,4.2043189,STAR,M5III (221615)
7503671300151145920600060103,97.906198,4.2283615,STAR,B5Ib (191243)
7503678600151145920600060103,97.968061,4.3399574,STAR,G3Ib (58526)
7503522900151145920600060103,98.027432,3.7042737,GALAXY,
7503598700151145920600060103,98.339446,3.7025852,STAR,M5III (221615)
7503524700151145920600060103,98.031313,3.8354437,STAR,O8/O9 (167771)
7503608400151145920600060103,98.217433,3.8229051,STAR,WDhotter
7503601200151145920600060103,98.402904,3.7891175,STAR,O8/O9 (167771)
7503616800151145920600060103,98.417365,3.9761589,STAR,CV
7503596900151145920600060103,98.524151,3.6966546,STAR,O8/O9 (167771)
7503427400151145920600060103,98.735907,3.6712732,STAR,M4II (175588)
7503431200151145920600060103,98.67624,3.7173447,STAR,WDcooler
7503606700151145920600060103,98.620749,3.8907056,GALAXY,
7503431800151145920600060103,98.71189,3.7689134,STAR,O8e (188001)
7503433100151145920600060103,98.799698,3.8229976,STAR,F3/F5V (30743)
7503622800151145920600060103,98.795473,3.9641189,STAR,K5 (G_19-24)
7503654000151145920600060103,98.208578,3.9940543,STAR,M5III (221615)
7503616400151145920600060103,98.387324,3.9825871,STAR,F8Ibvar (45412)
7503619500151145920600060103,98.390969,4.0319969,STAR,O8/O9 (167771)
7503660000151145920600060103,98.398055,4.1529076,STAR,F3/F5V (30743)
7503685500151145920600060103,98.35759,4.2909902,QSO,
7503618400151145920600060103,98.553972,4.0569932,STAR,O8/O9 (167771)
7503637300151145920600060103,98.5577,4.14517,STAR,O8/O9 (167771)
7503638100151145920600060103,98.584737,4.1737387,STAR,M8IIIe (84748)
7503638200151145920600060103,98.588316,4.195663,STAR,M6III (148783)
7503625500151145920600060103,98.731062,4.0654904,STAR,M5III (221615)
7503624400151145920600060103,98.853034,4.0517215,STAR,K5III (111335)
7503636200151145920600060103,98.769948,4.1824052,STAR,F8V (G_243-63)
7503639000151145920600060103,98.461501,4.2001277,STAR,A9V (154660)
7503683800151145920600060103,98.541427,4.2934048,GALAXY,
7503640000151145920600060103,98.610866,4.2073725,STAR,Ldwarf
7503641400151145920600060103,98.650878,4.2251258,STAR,M5III (221615)
7503648400151145920600060103,98.629496,4.3212689,STAR,Ldwarf
7503692700151145920600060103,98.562077,4.4037527,STAR,O8/O9 (167771)
7503690600151145920600060103,98.599004,4.3913234,STAR,M8IIIe (84748)
7503690100151145920600060103,98.621813,4.3713648,STAR,Ldwarf
7503645900151145920600060103,98.724931,4.2949939,STAR,M5III (221615)
7504582200151145920600060103,97.154109,4.45372,STAR,F3/F5V (30743)
7504582500151145920600060103,97.142276,4.4739952,STAR,CV
7504733300151145920600060103,97.331043,4.5840395,STAR,O8/O9 (167771)
7504626800151145920600060103,97.703949,4.620701,STAR,O8/O9 (167771)
7504628400151145920600060103,97.736695,4.6428153,STAR,K5Ve (118100)
7504609900151145920600060103,97.872714,4.4323555,STAR,M6III (148783)
7504612900151145920600060103,97.98314,4.5127745,STAR,K5Ve (118100)
7504624100151145920600060103,97.849392,4.5958076,STAR,K4III (136726)
7504741300151145920600060103,97.662376,4.7974796,STAR,M1 (204445)
7504671600151145920600060103,97.797773,4.7554032,STAR,K4III (136726)
7504672200151145920600060103,97.843351,4.7896956,STAR,CV
7504680200151145920600060103,97.866035,4.8341503,GALAXY,
7504665000151145920600060103,97.904496,4.7648887,STAR,O8/O9 (167771)
7504664500151145920600060103,97.921802,4.7671892,STAR,K5 (G_19-24)
7504676800151145920600060103,97.953768,4.8540277,STAR,K5 (G_19-24)
7504671100151145920600060103,97.999727,4.8527807,GALAXY,
7504757100151145920600060103,97.412646,4.9845355,STAR,G1V (95128)
7504757600151145920600060103,97.431527,5.0374836,STAR,O8/O9 (167771)
7505004100151145920600060103,97.348403,5.1797853,GALAXY,
7504802400151145920600060103,97.550887,5.1883985,GALAXY,
7504743700151145920600060103,97.582665,4.8726262,STAR,K5Ve (118100)
7504765600151145920600060103,97.654976,4.9007498,STAR,CV
7504764100151145920600060103,97.750567,4.9191673,STAR,M6III (148783)
7504769500151145920600060103,97.756379,4.9595871,STAR,K5 (G_19-24)
7504772200151145920600060103,97.694861,4.9845058,STAR,K0IV (191026)
7504682400151145920600060103,97.870148,4.8703354,GALAXY,
7504679500151145920600060103,97.945111,4.8698348,STAR,CV
7504684600151145920600060103,97.947434,4.8889757,GALAXY,
7504706200151145920600060103,97.984575,4.9045021,STAR,K5Ve (118100)
7504719600151145920600060103,97.955223,4.9502614,GALAXY,
7504718500151145920600060103,97.972563,4.9500367,STAR,K5 (G_19-24)
7504788100151145920600060103,97.835171,5.0777244,STAR,CV
7504781800151145920600060103,98.001284,5.0116529,STAR,K5Ve (118100)
7504781300151145920600060103,97.932732,5.0493036,GALAXY,
7504797800151145920600060103,97.598458,5.1095366,STAR,CV
7504798000151145920600060103,97.6549,5.1132833,STAR,K4III (136726)
7505216700151145920600060103,97.864705,5.2825555,STAR,O8/O9 (167771)
7504633500151145920600060103,98.030161,4.5524947,STAR,G3Ib (58526)
7503715900151145920600060103,98.307749,4.5475423,STAR,M5III (221615)
7503718100151145920600060103,98.252917,4.5892183,STAR,F8V (30562)
7503717700151145920600060103,98.275217,4.5987336,STAR,F3/F5V (30743)
7503728500151145920600060103,98.316908,4.6281497,GALAXY,
7503721300151145920600060103,98.366913,4.5501546,STAR,G3Ib (58526)
7504644100151145920600060103,98.075346,4.7217186,STAR,A0IVn (25642)
7504644400151145920600060103,98.115239,4.7509973,STAR,K4III (136726)
7504666200151145920600060103,98.01952,4.7960053,STAR,K5 (G_19-24)
7504666900151145920600060103,98.038981,4.8043921,STAR,O8/O9 (167771)
7504669500151145920600060103,98.01966,4.8207906,STAR,K4III (136726)
7504691700151145920600060103,98.025111,4.8420238,STAR,K5Ve (118100)
7504690700151145920600060103,98.048502,4.8408588,GALAXY,
7504688500151145920600060103,98.09628,4.8286877,STAR,K5 (G_19-24)
7504691500151145920600060103,98.072915,4.8547487,STAR,K1IVa (142091)
7504656800151145920600060103,98.117062,4.7836603,STAR,F3/F5V (30743)
7504658400151145920600060103,98.154889,4.8155721,STAR,B1Ve (212571)
7504646600151145920600060103,98.226279,4.7147929,STAR,K4III (136726)
7504645600151145920600060103,98.307885,4.7305082,STAR,CV
7503729600151145920600060103,98.376008,4.6673078,STAR,A4V (97603)
7504645300151145920600060103,98.336198,4.7043656,STAR,K5 (G_19-24)
7504650500151145920600060103,98.296086,4.7714925,STAR,K5Ve (118100)
7504660700151145920600060103,98.277788,4.8566185,STAR,K0IV (191026)
7505103900151145920600060103,98.377879,4.8347245,STAR,K5 (G_19-24)
7503698000151145920600060103,98.515937,4.4409205,STAR,M2Iab: (36389)
7503699900151145920600060103,98.533839,4.483164,STAR,K5 (G_19-24)
7503720200151145920600060103,98.459996,4.5488531,STAR,G3Ib (58526)
7503723400151145920600060103,98.51426,4.5690891,STAR,K5Ve (118100)
7503651900151145920600060103,98.798278,4.4394347,STAR,O8/O9 (167771)
7504197100151145920600060103,98.67746,4.6067059,STAR,K4Iab: (34255)
7504196000151145920600060103,98.851923,4.5837671,STAR,M5III (221615)
7504211200151145920600060103,98.640194,4.6941377,STAR,F3/F5V (30743)
7504217000151145920600060103,98.637923,4.8479398,STAR,A4V (97603)
7504199300151145920600060103,98.783143,4.6388874,STAR,B3V (29763)
7504206100151145920600060103,98.86325,4.7278536,STAR,M5III (221615)
7504701500151145920600060103,98.018884,4.8902878,STAR,K4III (136726)
7504693300151145920600060103,98.036456,4.878851,GALAXY,
7504710100151145920600060103,98.019414,4.9143126,GALAXY,
7504694000151145920600060103,98.076708,4.8783615,GALAXY,
7504712400151145920600060103,98.022546,4.9498134,STAR,K4III (136726)
7504708700151145920600060103,98.067206,4.9249859,STAR,K0IV (191026)
7504725600151145920600060103,98.082206,4.9365845,STAR,CV
7504722900151145920600060103,98.02791,4.9772867,GALAXY,
7504731000151145920600060103,98.0966,5.0158729,STAR,K5 (G_19-24)
7504783000151145920600060103,98.030152,5.0415194,STAR,CV
7504784000151145920600060103,98.070548,5.0759054,STAR,F6V (16673)
7505128800151145920600060103,98.137363,5.0459146,STAR,CV
7505129100151145920600060103,98.18521,5.0526928,STAR,K0IV (191026)
7505123200151145920600060103,98.269899,4.9550882,STAR,WDhotter
7505110200151145920600060103,98.384939,4.9636692,STAR,K5 (G_19-24)
7505110400151145920600060103,98.325282,4.9800953,STAR,F6V (16673)
7505127400151145920600060103,98.318715,5.0756255,STAR,CV
7505110600151145920600060103,98.356383,4.9965859,STAR,B1Ve (212571)
7505196200151145920600060103,98.105861,5.1051948,STAR,CV
7505198200151145920600060103,98.043995,5.1585133,GALAXY,
7505202000151145920600060103,98.060596,5.2327706,GALAXY,
7505199700151145920600060103,98.246481,5.23884,GALAXY,
7505138800151145920600060103,98.358577,5.2709064,STAR,M5III (221615)
7505110800151145920600060103,98.456595,4.9543004,STAR,WDhotter
7505112800151145920600060103,98.473916,5.0438939,STAR,CV
7504224000151145920600060103,98.680282,4.9422407,STAR,F3/F5V (30743)
7504224700151145920600060103,98.668164,4.9658499,STAR,G0 (63791)
7504225100151145920600060103,98.70319,4.997491,STAR,K4III (136726)
7505136300151145920600060103,98.469851,5.2098763,STAR,M1 (204445)
7505145700151145920600060103,98.835143,5.2122451,STAR,K4III (136726)
7503418200151145920600060103,98.98978,3.6875007,STAR,M5III (221615)
7503448300151145920600060103,98.961295,3.7533322,STAR,F3/F5V (30743)
7503449100151145920600060103,98.945382,3.8034224,STAR,F8Ibvar (45412)
7503449500151145920600060103,98.916049,3.8086338,STAR,Ldwarf
7503439200151145920600060103,99.044615,3.7880147,GALAXY,BROADLINE
7503451400151145920600060103,99.059199,3.9280456,STAR,WDcooler
7503445800151145920600060103,99.222025,3.8941266,GALAXY,
7503458000151145920600060103,99.086929,4.0038653,STAR,CV
7503629300151145920600060103,99.049367,4.1540337,STAR,F3/F5V (30743)
7503455800151145920600060103,99.191534,3.9958132,STAR,M5III (221615)
7504121400151145920600060103,99.125224,4.2358248,STAR,G4V (32923)
7504121200151145920600060103,99.14171,4.2226658,STAR,F6V (16673)
7504123100151145920600060103,99.18001,4.3209877,STAR,WDcooler
7503848300151145920600060103,99.425316,4.1694041,STAR,F3/F5V (30743)
7503832800151145920600060103,99.457811,4.1013479,STAR,CV
7503832300151145920600060103,99.500831,4.1140634,STAR,F3/F5V (30743)
7503836400151145920600060103,99.685494,4.1422205,STAR,CV
7503855600151145920600060103,99.52522,4.2877267,STAR,WDcooler
7503860800151145920600060103,99.530001,4.3816426,STAR,G3Ib (58526)
7503856400151145920600060103,99.600515,4.2878109,STAR,G3Ib (58526)
7503839200151145920600060103,99.745328,4.2194621,STAR,F3/F5V (30743)
7503868100151145920600060103,99.746121,4.3114489,STAR,WDhotter
7503870200151145920600060103,99.824642,4.3525272,STAR,F3/F5V (30743)
7504136400151145920600060103,98.933239,4.486708,STAR,F3/F5V (30743)
7504139300151145920600060103,98.924003,4.527879,GALAXY,
7504145000151145920600060103,99.037243,4.6015927,STAR,F8Ibvar (45412)
7504129600151145920600060103,99.193381,4.4544024,STAR,K0IV (191026)
7504130000151145920600060103,99.201961,4.4901183,STAR,F3/F5V (30743)
7504196600151145920600060103,98.889837,4.658586,STAR,CV
7504145500151145920600060103,99.072085,4.6426261,STAR,A9V (154660)
7504203200151145920600060103,99.042561,4.7193704,STAR,F6V (16673)
7504205100151145920600060103,98.983692,4.7895966,STAR,O8/O9 (167771)
7504144300151145920600060103,99.2064,4.6740398,STAR,F8Ibvar (45412)
7504149500151145920600060103,99.112787,4.7338918,STAR,B3V (29763)
7504143700151145920600060103,99.23102,4.6418523,STAR,CV
7504171700151145920600060103,99.286035,4.6781879,STAR,K4Iab: (34255)
7504173400151145920600060103,99.273227,4.7145255,STAR,CV
7504229100151145920600060103,99.172283,4.8471246,STAR,A4V (97603)
7504127500151145920600060103,99.422499,4.4592252,STAR,CV
7504128000151145920600060103,99.430106,4.485829,STAR,F6V (16673)
7504152200151145920600060103,99.518127,4.579774,STAR,G5Iab: (20123)
7503887300151145920600060103,99.713946,4.4261826,STAR,F3/F5V (30743)
7503890300151145920600060103,99.736148,4.4710888,STAR,B3V (29763)
7504157600151145920600060103,99.378331,4.6539526,STAR,F6V (16673)
7504171900151145920600060103,99.317447,4.6915544,STAR,CV
7504155000151145920600060103,99.530552,4.6444321,STAR,CV
7504179200151145920600060103,99.36458,4.8373829,QSO,
7504154400151145920600060103,99.632579,4.6484618,STAR,CV
7503902700151145920600060103,99.739147,4.6279355,STAR,O8/O9 (167771)
7504161700151145920600060103,99.703889,4.7100406,STAR,F3/F5V (30743)
7504166300151145920600060103,99.634247,4.7646596,STAR,CV
7504167900151145920600060103,99.612142,4.8253121,STAR,F3/F5V (30743)
7504168600151145920600060103,99.709742,4.817688,STAR,F2III (89254)
7504236100151145920600060103,99.017502,4.9396381,STAR,M5III (221615)
7504252600151145920600060103,98.984426,5.0454191,STAR,O8/O9 (167771)
7504251000151145920600060103,99.036214,5.0088524,STAR,CV
7504238600151145920600060103,99.088949,5.0270678,STAR,CV
7504253600151145920600060103,99.086586,5.0604244,STAR,F2III (89254)
7504233400151145920600060103,99.182405,4.9482351,STAR,M5III (221615)
7504180600151145920600060103,99.274111,4.8860985,STAR,K1IVa (142091)
7504244700151145920600060103,99.195883,5.0474973,STAR,G0Ib (204867)
7504254700151145920600060103,99.056975,5.1101776,STAR,F2III (89254)
7504254100151145920600060103,99.094237,5.1089803,STAR,O8/O9 (167771)
7504260600151145920600060103,99.02165,5.2327048,STAR,CV
7504181300151145920600060103,99.355338,4.8924009,STAR,CV
7504182200151145920600060103,99.489846,4.8501601,STAR,F2III (89254)
7504186300151145920600060103,99.514499,4.9384011,STAR,CV
7504170000151145920600060103,99.680405,4.8814644,STAR,A4V (97603)
7504170400151145920600060103,99.699817,4.8878018,STAR,A4V (97603)
7504246500151145920600060103,99.324192,5.0873062,STAR,CV
7504248700151145920600060103,99.363785,5.1852775,STAR,O8/O9 (167771)
7504249900151145920600060103,99.324922,5.2112888,STAR,O8/O9 (167771)
7504374500151145920600060103,99.458151,5.2079877,STAR,CV
7504368200151145920600060103,99.557569,5.1696681,STAR,B1Ve (212571)
7504307400151145920600060103,99.658137,5.1761366,STAR,A4V (97603)
7504315700151145920600060103,99.705769,5.253418,STAR,A4V (97603)
7503905100151145920600060103,99.824475,4.695375,STAR,O8/O9 (167771)
7504164900151145920600060103,99.764014,4.8027701,STAR,M3III (44478)
7504291800151145920600060103,99.955852,5.1112438,STAR,CV
7504292400151145920600060103,99.912226,5.1248395,STAR,O8/O9 (167771)
7504310000151145920600060103,99.885943,5.1624043,STAR,WDhotter
7504312500151145920600060103,99.869662,5.2386456,STAR,O8/O9 (167771)
7505016300151145920600060103,97.227794,5.3534933,STAR,O8/O9 (167771)
7505022000151145920600060103,97.183053,5.4847842,STAR,M6III (148783)
7505018200151145920600060103,97.320367,5.4315668,STAR,O8/O9 (167771)
7505022600151145920600060103,97.372819,5.4088587,STAR,M5III (221615)
7505024300151145920600060103,97.478908,5.4728023,STAR,A0IVn (25642)
7505014500151145920600060103,97.559507,5.4305609,STAR,CV
7505024500151145920600060103,97.468425,5.5064236,STAR,O8/O9 (167771)
7505028300151145920600060103,97.41263,5.5645181,GALAXY,
7505030200151145920600060103,97.384134,5.616156,STAR,M5III (221615)
7505029500151145920600060103,97.439628,5.6245208,STAR,O8/O9 (167771)
7504810300151145920600060103,97.749218,5.3245558,STAR,CV
7505499100151145920600060103,97.60104,5.5140388,STAR,O8/O9 (167771)
7505493800151145920600060103,97.709011,5.4478585,STAR,M6III (148783)
7505494700151145920600060103,97.711879,5.4787683,GALAXY,
7505222000151145920600060103,97.832482,5.4087099,GALAXY,
7505224000151145920600060103,97.876859,5.4654406,GALAXY,
7505513100151145920600060103,97.59691,5.5814629,STAR,CV
7505516700151145920600060103,97.613403,5.7066594,STAR,CV
7505503000151145920600060103,97.971931,5.6150882,STAR,O8/O9 (167771)
7505508300151145920600060103,97.849681,5.6559496,STAR,O8/O9 (167771)
7505509800151145920600060103,97.951308,5.7231033,STAR,O8/O9 (167771)
7505584500151145920600060103,97.479137,5.7635058,STAR,WDhotter
7505602600151145920600060103,97.482393,6.0614808,GALAXY,
7505615400151145920600060103,97.53475,6.1150793,STAR,O8/O9 (167771)
7505530900151145920600060103,97.606534,5.8476529,STAR,B3V (29763)
7505595800151145920600060103,97.606204,5.9649856,STAR,M4.5:III (123657)
7505527100151145920600060103,97.889831,5.83301,STAR,O8/O9 (167771)
7505557700151145920600060103,97.927744,5.8521887,STAR,CV
7505527900151145920600060103,97.861908,5.8612655,STAR,O8/O9 (167771)
7505543000151145920600060103,98.003383,5.8683803,STAR,CV
7505625300151145920600060103,97.773468,6.115559,STAR,M3III (44478)
7505575900151145920600060103,97.979731,6.0706949,STAR,A4V (97603)
7505208300151145920600060103,98.260035,5.3314996,STAR,A4V (97603)
7505207300151145920600060103,98.284918,5.3181336,GALAXY,
7505208800151145920600060103,98.351085,5.3177992,STAR,F2III (89254)
7505209000151145920600060103,98.354576,5.335628,STAR,CV
7505213700151145920600060103,98.268903,5.4453751,STAR,A4V (97603)
7505237200151145920600060103,98.37438,5.520296,STAR,O8/O9 (167771)
7505240000151145920600060103,98.431569,5.6162138,STAR,M5III (221615)
7505240700151145920600060103,98.401837,5.6462547,STAR,CV
7505177600151145920600060103,98.489635,5.3664188,STAR,O8/O9 (167771)
7505233000151145920600060103,98.457167,5.4066126,STAR,O8/O9 (167771)
7505178100151145920600060103,98.477496,5.3853028,STAR,B1Ve (212571)
7505181600151145920600060103,98.552286,5.4616007,STAR,K1IVa (142091)
7505171900151145920600060103,98.702507,5.3741086,STAR,A4V (97603)
7505153700151145920600060103,98.807704,5.3294234,STAR,F2III (89254)
7505162300151145920600060103,98.828943,5.3721527,STAR,A4V (97603)
7505162900151145920600060103,98.877119,5.3823435,STAR,K4Iab: (34255)
7505184800151145920600060103,98.761849,5.4343017,STAR,A4V (97603)
7505185100151145920600060103,98.761489,5.4523428,STAR,CV
7505184200151145920600060103,98.816051,5.4425581,STAR,CV
7505236400151145920600060103,98.53695,5.5743699,STAR,O8/O9 (167771)
7505241100151145920600060103,98.597519,5.5646652,STAR,CV
7505247500151145920600060103,98.47279,5.658734,STAR,CV
7505248400151145920600060103,98.54396,5.7289363,STAR,F2III (89254)
7505243200151145920600060103,98.629759,5.645349,STAR,A4V (97603)
7505243300151145920600060103,98.627808,5.6624897,STAR,O8/O9 (167771)
7505191100151145920600060103,98.74854,5.5245412,STAR,O8/O9 (167771)
7505193300151145920600060103,98.675231,5.5706287,STAR,CV
7505187700151145920600060103,98.821016,5.5163291,STAR,F2III (89254)
7505193600151145920600060103,98.785935,5.5667958,STAR,CV
7505188500151145920600060103,98.826906,5.5612075,STAR,F2III (89254)
7505541200151145920600060103,98.023065,5.8153859,STAR,B1Ve (212571)
7505541400151145920600060103,98.012409,5.8382356,STAR,B1Ve (212571)
7505541600151145920600060103,98.034621,5.8420788,STAR,O8/O9 (167771)
7505270100151145920600060103,98.369249,5.7902896,STAR,F8Ibvar (45412)
7505547700151145920600060103,98.269313,5.927774,STAR,CV
7505550100151145920600060103,98.395815,5.9436592,STAR,O8/O9 (167771)
7505561800151145920600060103,98.025353,5.9750075,STAR,B1Ve (212571)
7505563600151145920600060103,98.009182,6.0297194,STAR,CV
7505579000151145920600060103,98.084412,6.130777,STAR,F2III (89254)
7505573400151145920600060103,98.148501,6.1032161,STAR,M5III (221615)
7505689700151145920600060103,98.221749,6.1701025,STAR,B1Ve (212571)
7505551000151145920600060103,98.316925,5.9606356,STAR,O8/O9 (167771)
7505556800151145920600060103,98.278738,6.0809772,STAR,O8/O9 (167771)
7505689400151145920600060103,98.257631,6.134418,STAR,O8/O9 (167771)
7505671200151145920600060103,98.401809,6.1061147,STAR,A0IVn (25642)
7505251300151145920600060103,98.574905,5.7400182,STAR,F2III (89254)
7505402900151145920600060103,98.609435,5.8356894,STAR,M5III (221615)
7505396700151145920600060103,98.656411,5.8272387,STAR,A0IVn (25642)
7505274200151145920600060103,98.476609,5.9341947,STAR,O8/O9 (167771)
7505268700151145920600060103,98.593726,5.8440953,STAR,K0IV (191026)
7505397300151145920600060103,98.650185,5.8491062,STAR,M6III (148783)
7505416000151145920600060103,98.594583,5.9031331,STAR,F8V (30562)
7505396400151145920600060103,98.728125,5.8388279,STAR,CV
7505392300151145920600060103,98.799861,5.8094507,STAR,CV
7505394400151145920600060103,98.822808,5.8216434,STAR,A4V (97603)
7505407500151145920600060103,98.871692,5.9396888,STAR,CV
7505420100151145920600060103,98.478966,5.960768,STAR,O8/O9 (167771)
7505666100151145920600060103,98.488094,6.0541077,STAR,WDhotter
7505421500151145920600060103,98.513563,6.0313925,STAR,CV
7505423100151145920600060103,98.571922,6.054287,STAR,CV
7505668100151145920600060103,98.493195,6.0891708,QSO,
7505668300151145920600060103,98.521772,6.1034099,STAR,CV
7505670200151145920600060103,98.489939,6.1598151,STAR,CV
7505419000151145920600060103,98.716864,6.0055,STAR,F3/F5V (30743)
7505419200151145920600060103,98.720861,6.0295546,STAR,O8/O9 (167771)
7505408900151145920600060103,98.865839,5.9814285,STAR,O8/O9 (167771)
7505430400151145920600060103,98.692484,6.0739121,STAR,WDhotter
7505431000151145920600060103,98.670247,6.0956919,STAR,K4III (136726)
7505431500151145920600060103,98.756376,6.1122282,STAR,O8/O9 (167771)
7505432000151145920600060103,98.738234,6.1306342,STAR,A4V (97603)
7505637700151145920600060103,97.779877,6.2818808,STAR,WDhotter
7505636900151145920600060103,97.85741,6.2961331,STAR,CV
7505641200151145920600060103,97.846784,6.3357975,STAR,M5III (221615)
7505639800151145920600060103,97.903936,6.3481604,STAR,CV
7505769300151145920600060103,97.999883,6.3629105,STAR,F2III (89254)
7505575600151145920600060103,98.181934,6.1806764,STAR,F3/F5V (30743)
7505765300151145920600060103,98.108529,6.380532,STAR,CV
7505675800151145920600060103,98.362198,6.2089429,STAR,F2III (89254)
7505693400151145920600060103,98.310066,6.3026366,STAR,CV
7505700200151145920600060103,98.224377,6.3708112,STAR,M5III (221615)
7505700800151145920600060103,98.234472,6.3860219,STAR,K4III (136726)
7505698600151145920600060103,98.287374,6.348311,STAR,WDcooler
7505701600151145920600060103,98.429963,6.3317261,STAR,A0IVn (25642)
7505707100151145920600060103,98.361741,6.3854161,STAR,WDhotter
7505766200151145920600060103,98.078324,6.407903,STAR,CV
7505766100151145920600060103,98.100229,6.4126718,STAR,O8/O9 (167771)
7505767200151145920600060103,98.190691,6.4371212,STAR,A0IVn (25642)
7505707600151145920600060103,98.39939,6.4050646,STAR,A4V (97603)
7505673700151145920600060103,98.45792,6.18159,STAR,A0IVn (25642)
7505679900151145920600060103,98.629385,6.2245196,STAR,O8/O9 (167771)
7505684300151145920600060103,98.573815,6.2494385,STAR,O8/O9 (167771)
7505702100151145920600060103,98.497721,6.3558042,STAR,A4V (97603)
7505681200151145920600060103,98.682558,6.2620155,STAR,CV
7505681000151145920600060103,98.724425,6.2528271,STAR,M4.5:III (123657)
7505472500151145920600060103,98.846654,6.2714648,STAR,O8/O9 (167771)
7505471600151145920600060103,98.869203,6.2637333,STAR,O8/O9 (167771)
7505703800151145920600060103,98.447416,6.3941541,STAR,A4V (97603)
7505704500151145920600060103,98.546861,6.4092525,STAR,CV
7505720800151145920600060103,98.774077,6.4387489,STAR,A4V (97603)
7505161500151145920600060103,98.894855,5.3856501,STAR,A4V (97603)
7505154700151145920600060103,99.020613,5.3139414,STAR,G3Ib (58526)
7505163100151145920600060103,98.887633,5.4107743,STAR,B1Ve (212571)
7505161800151145920600060103,98.92195,5.4132281,STAR,CV
7505164600151145920600060103,98.975106,5.4479857,STAR,O8/O9 (167771)
7505165700151145920600060103,98.910059,5.4764954,STAR,O8/O9 (167771)
7505166200151145920600060103,98.970393,5.4842614,STAR,G0 (63791)
7505164100151145920600060103,99.002615,5.4286594,STAR,A4V (97603)
7505277200151145920600060103,99.089649,5.4530436,STAR,CV
7505281600151145920600060103,99.035185,5.4743083,STAR,M5III (221615)
7504401700151145920600060103,99.173759,5.3723287,STAR,CV
7504393700151145920600060103,99.299746,5.2866223,STAR,F0V (90277)
7505276000151145920600060103,99.182395,5.4320782,QSO,
7505277900151145920600060103,99.148776,5.4708582,STAR,A4V (97603)
7505188900151145920600060103,98.911999,5.5736948,STAR,A4V (97603)
7505282200151145920600060103,99.092517,5.5112116,STAR,B1Ve (212571)
7505284200151145920600060103,99.053306,5.5774203,QSO,
7505287000151145920600060103,99.073012,5.5954359,STAR,F0V (90277)
7505314600151145920600060103,98.998293,5.7186174,STAR,K5 (G_19-24)
7505310300151145920600060103,99.079753,5.7112084,STAR,F2III (89254)
7505285200151145920600060103,99.175119,5.5738302,STAR,B9III (15318)
7505286200151145920600060103,99.171086,5.5937807,GALAXY,
7505279800151145920600060103,99.268533,5.5585175,STAR,CV
7505288500151145920600060103,99.303572,5.5436025,STAR,A4V (97603)
7505287700151145920600060103,99.155058,5.6459047,STAR,F6V (16673)
7505299600151145920600060103,99.185466,5.6651894,STAR,F3/F5V (30743)
7505309000151145920600060103,99.105151,5.6892272,STAR,A4V (97603)
7505298400151145920600060103,99.292369,5.6801013,STAR,CV
7504394400151145920600060103,99.35547,5.3321428,STAR,F8V (30562)
7504406400151145920600060103,99.480355,5.3974785,STAR,B1Ve (212571)
7504408600151145920600060103,99.443789,5.4839898,STAR,WDcooler
7504385400151145920600060103,99.7189,5.3731267,STAR,WDcooler
7504390400151145920600060103,99.692083,5.4503184,STAR,B1Ve (212571)
7504391900151145920600060103,99.663252,5.4766775,STAR,A4V (97603)
7504415800151145920600060103,99.407116,5.536264,STAR,WDhotter
7505289500151145920600060103,99.365972,5.5883895,STAR,WDhotter
7504416700151145920600060103,99.378786,5.5601941,STAR,O8/O9 (167771)
7504418800151145920600060103,99.443816,5.5879927,STAR,O8/O9 (167771)
7505291500151145920600060103,99.317465,5.6352214,STAR,WDcooler
7505290500151145920600060103,99.358161,5.6235316,STAR,A0IVn (25642)
7505295200151145920600060103,99.351941,5.7040951,STAR,F0IV (81937)
7505292700151145920600060103,99.438633,5.6452718,STAR,A0IVn (25642)
7505332000151145920600060103,99.47671,5.7157711,STAR,F8V (30562)
7504450100151145920600060103,99.661254,5.6821575,STAR,CV
7505316900151145920600060103,98.931163,5.7852942,STAR,O8/O9 (167771)
7505326400151145920600060103,99.005905,5.7960039,STAR,F2III (89254)
7505324500151145920600060103,99.082181,5.7895623,STAR,O8/O9 (167771)
7505402000151145920600060103,98.948912,5.8592391,STAR,A4V (97603)
7505404000151145920600060103,98.894749,5.9150239,STAR,A0IVn (25642)
7505402800151145920600060103,98.978966,5.9053058,STAR,CV
7505402700151145920600060103,99.00451,5.8901539,STAR,WDcooler
7505327000151145920600060103,99.047354,5.85205,STAR,A4V (97603)
7505326200151145920600060103,99.084769,5.8506023,STAR,CV
7505327200151145920600060103,99.062581,5.8689957,STAR,O8/O9 (167771)
7505321400151145920600060103,99.209459,5.7945104,STAR,F2III (89254)
7505320900151145920600060103,99.241981,5.7953998,STAR,G3Ib (58526)
7505361000151145920600060103,99.287637,5.928614,STAR,CV
7505408600151145920600060103,98.923043,6.0110111,GALAXY,
7505413300151145920600060103,98.91178,6.069769,STAR,F2III (89254)
7505368200151145920600060103,99.150425,5.9714899,STAR,F2III (89254)
7505367900151145920600060103,99.204996,5.9866606,STAR,A4V (97603)
7505438800151145920600060103,99.180995,6.027522,STAR,G3Ib (58526)
7505363000151145920600060103,99.305817,5.9554469,QSO,
7505371100151145920600060103,99.297387,6.0357429,STAR,F8Ibvar (45412)
7505376300151145920600060103,99.315531,6.1044074,STAR,F6V (16673)
7505445700151145920600060103,99.228361,6.151899,STAR,F3/F5V (30743)
7505301600151145920600060103,99.334906,5.7288793,STAR,F0IV (81937)
7505302000151145920600060103,99.366983,5.7236286,STAR,A4V (97603)
7505340800151145920600060103,99.331317,5.823626,STAR,F3/F5V (30743)
7505359600151145920600060103,99.343784,5.9107963,STAR,F8V (30562)
7505359000151145920600060103,99.383082,5.9018134,STAR,F0V (90277)
7505344000151145920600060103,99.455828,5.8892596,STAR,O8/O9 (167771)
7505363200151145920600060103,99.323496,5.9682482,STAR,B2IV-V (176819)
7505379200151145920600060103,99.460368,6.0382009,STAR,A4V (97603)
7505374800151145920600060103,99.324215,6.0645214,STAR,F8V (30562)
7505384700151145920600060103,99.436497,6.1095744,STAR,F2III (89254)
7504386700151145920600060103,99.767931,5.431945,GALAXY,
7504420900151145920600060103,99.84144,5.4226557,STAR,A0IVn (25642)
7504426100151145920600060103,99.799092,5.4922347,STAR,A4V (136729)
7504428100151145920600060103,99.767656,5.5838368,STAR,F6V (16673)
7504430200151145920600060103,99.800076,5.5880578,STAR,A4V (97603)
7505466800151145920600060103,98.900418,6.2107106,STAR,M5III (221615)
7505467800151145920600060103,98.976027,6.2682405,STAR,CV
7505480800151145920600060103,99.09097,6.3524737,STAR,F6II (61295)
7505449700151145920600060103,99.140066,6.1921122,STAR,CV
7505452900151145920600060103,99.142278,6.2540754,STAR,F0V (90277)
7505478300151145920600060103,99.153951,6.321726,STAR,M6III (148783)
7505453400151145920600060103,99.342078,6.1653282,GALAXY,
5369499600151145920600060103,99.098053,3.8262922,QSO,
5369558000151145920600060103,97.638245,4.0611513,QSO,
5369566500151145920600060103,98.182068,3.8882139,STAR,B3II (175156)
5369568900151145920600060103,98.506165,4.0377793,GALAXY,
5369570700151145920600060103,98.751984,3.9758466,STAR,B2III (35468)
5369572900151145920600060103,98.738251,4.1090662,QSO,
5369574300151145920600060103,99.099426,4.1569839,GALAXY,
5369578800151145920600060103,98.502045,4.2025669,STAR,B8Ib (208501)
5369583900151145920600060103,98.183441,4.0740063,STAR,B3Ib/II (51309)
5369640700151145920600060103,99.538879,4.3253036,STAR,F0III (89025)
5369640800151145920600060103,99.552612,4.34167,QSO,
5369724900151145920600060103,99.376831,4.8234741,QSO,
5369728200151145920600060103,99.40155,4.9147269,STAR,G0 (63791)
5369749700151145920600060103,99.058228,5.0808861,QSO,
5369754700151145920600060103,99.077454,5.3103032,QSO,
5369762500151145920600060103,99.775085,5.1323806,STAR,O9.5Iae (30614)
5369784100151145920600060103,99.753113,5.4039672,QSO,
5369789100151145920600060103,99.489441,5.4929614,QSO,
5369790500151145920600060103,99.471588,5.5433192,GALAXY,
5369856000151145920600060103,97.631378,4.2937409,STAR,B3Ib/II (51309)
5369878700151145920600060103,98.036499,5.0223745,QSO,
5369879300151145920600060103,98.055725,5.048119,QSO,
5369893300151145920600060103,97.797546,4.9194069,QSO,
5369896800151145920600060103,97.812653,5.0469487,QSO,
5369901400151145920600060103,97.801666,5.1522774,STAR,CV
5369968600151145920600060103,97.396545,5.2494293,QSO,
5369975900151145920600060103,97.389679,5.4472916,QSO,
5370012300151145920600060103,98.272705,5.1253584,QSO,
5370012400151145920600060103,98.239746,5.1276991,QSO,
5370015300151145920600060103,98.285065,5.2318706,GALAXY,
5370019000151145920600060103,98.734131,5.3009376,QSO,
5370021900151145920600060103,98.897553,5.4543175,GALAXY,
5370023600151145920600060103,98.728638,5.418018,GALAXY,
5370025300151145920600060103,98.581696,5.4449497,QSO,
5370032100151145920600060103,98.23288,5.2552823,GALAXY,
5370042300151145920600060103,98.570709,5.4964746,QSO,
5370054300151145920600060103,99.172211,5.4566595,QSO,
5370055600151145920600060103,99.174957,5.5128698,GALAXY,
5370062200151145920600060103,98.889313,5.7283922,QSO,
5370074900151145920600060103,99.236755,6.0178362,QSO,
5370080000151145920600060103,98.908539,5.8619631,QSO,
5370084700151145920600060103,98.920898,6.0459684,GALAXY,
5370086700151145920600060103,98.55423,5.9627482,GALAXY,
5370094700151145920600060103,99.298553,6.14796,QSO,
5370109700151145920600060103,97.79892,5.71902,STAR,O9.5Iae (30614)
5370145100151145920600060103,97.958221,6.185479,QSO,
5370147400151145920600060103,97.965088,6.3813251,QSO,
5370155400151145920600060103,98.530884,6.1678916,GALAXY,
5370161900151145920600060103,98.338623,6.2921884,QSO,
5370165600151145920600060103,98.348236,6.420034,QSO,
11636199000151215920600060103,77.374037,49.303967,STAR,A4V (97603)
11636193600151215920600060103,77.362029,49.255371,STAR,A4V (97603)
11635978900151215920600060103,77.375165,49.162122,STAR,A4V (97603)
11635978200151215920600060103,77.367412,49.126435,STAR,CV
11635954600151215920600060103,77.33978,48.923154,STAR,K0IV (191026)
11635957200151215920600060103,77.535006,49.005888,STAR,CV
11635863500151215920600060103,77.586477,48.478562,STAR,F2III (89254)
11598470100151215920600060103,77.714407,48.389945,STAR,A4V (97603)
11598466200151215920600060103,77.815195,48.364443,STAR,G0Ib (204867)
11598449400151215920600060103,77.860522,48.261827,STAR,A0IVn (25642)
11636460800151215920600060103,78.635973,50.355903,QSO,
11636408400151215920600060103,78.976552,50.426605,STAR,M5III (221615)
11636425700151215920600060103,79.407637,50.438939,STAR,F2III (89254)
11636423300151215920600060103,79.592933,50.46019,STAR,A4V (97603)
11636423800151215920600060103,79.71297,50.469765,STAR,F0III (89025)
11636308800151215920600060103,77.601189,49.759063,STAR,M4II (175588)
11636327300151215920600060103,78.111079,50.135741,STAR,F3/F5V (30743)
11636325400151215920600060103,78.138153,50.081957,STAR,F3/F5V (30743)
11636312100151215920600060103,77.808188,49.889096,STAR,A4V (97603)
11636250500151215920600060103,77.775741,49.724287,STAR,G5III+... (157910)
11636251400151215920600060103,77.848737,49.767899,STAR,A4V (97603)
11636264200151215920600060103,77.940154,49.867354,STAR,WDcooler
11636266300151215920600060103,77.981174,49.954682,STAR,A4V (97603)
11636267500151215920600060103,78.062667,49.925883,STAR,A4V (97603)
11636269500151215920600060103,78.085564,50.003151,STAR,F2III (89254)
11636246200151215920600060103,78.16342,49.820855,STAR,A4V (97603)
11636246700151215920600060103,78.231504,49.83694,STAR,F0IV (81937)
11636216000151215920600060103,77.4824,49.519537,STAR,A4V (97603)
11636226500151215920600060103,77.844292,49.482679,STAR,A4V (97603)
11636201600151215920600060103,77.444441,49.36326,STAR,A4V (97603)
11636202000151215920600060103,77.524021,49.38997,STAR,F2III (89254)
11636223400151215920600060103,77.623579,49.325984,STAR,F0V (90277)
11636195500151215920600060103,77.475117,49.274348,STAR,A4V (97603)
11636224400151215920600060103,77.754788,49.418511,STAR,A4V (97603)
11636004200151215920600060103,77.85751,49.268834,STAR,A4V (97603)
11636249300151215920600060103,77.807679,49.651957,STAR,F3/F5V (30743)
11636241200151215920600060103,77.952359,49.68794,STAR,A0IVn (25642)
11636234800151215920600060103,78.045585,49.607902,STAR,F0V (90277)
11636233500151215920600060103,77.980835,49.519113,STAR,F2III (89254)
11636243600151215920600060103,78.114799,49.752247,STAR,A4V (97603)
11636239100151215920600060103,78.278125,49.744223,STAR,F8V (30562)
11636018300151215920600060103,78.106899,49.56918,STAR,A4V (97603)
11636020700151215920600060103,78.179771,49.615846,STAR,A4V (97603)
11636019300151215920600060103,78.247266,49.583922,STAR,F2III (89254)
11636006300151215920600060103,77.981046,49.358777,STAR,A4V (97603)
11636017000151215920600060103,78.016622,49.479117,STAR,A4V (97603)
11636013100151215920600060103,78.121298,49.42872,STAR,A4V (97603)
11635998000151215920600060103,78.09368,49.270346,STAR,M5III (221615)
11635999600151215920600060103,78.187811,49.37097,STAR,A4V (97603)
11635994700151215920600060103,78.227801,49.260639,STAR,F6II (61295)
11636449600151215920600060103,78.307234,50.212793,STAR,G0Ib (204867)
11636445800151215920600060103,78.306948,50.143503,STAR,F0V (90277)
11636451500151215920600060103,78.391353,50.249135,STAR,M4.5:III (123657)
11636450000151215920600060103,78.401477,50.223782,STAR,G1V (95128)
11636451100151215920600060103,78.503585,50.29136,STAR,F3/F5V (30743)
11636460500151215920600060103,78.587023,50.312344,STAR,F0V (90277)
11636450500151215920600060103,78.513372,50.252826,STAR,A4V (97603)
11636396600151215920600060103,78.562775,50.218018,STAR,M4.5:III (123657)
11636393100151215920600060103,78.389017,50.172871,STAR,G0 (63791)
11636393300151215920600060103,78.469191,50.120786,STAR,F3/F5V (30743)
11636388400151215920600060103,78.497726,50.114853,STAR,F2III (89254)
11636396300151215920600060103,78.512536,50.197244,STAR,A4V (97603)
11636377700151215920600060103,78.668394,50.098515,STAR,F6III (61064)
11636382900151215920600060103,78.321827,49.954246,STAR,F0V (90277)
11636360600151215920600060103,78.457886,49.806055,STAR,F3/F5V (30743)
11636362000151215920600060103,78.523084,49.814889,STAR,F0V (90277)
11636375000151215920600060103,78.677941,50.052954,STAR,F0V (90277)
11636374700151215920600060103,78.695784,50.032118,STAR,F0IV (81937)
11636136200151215920600060103,78.638936,49.834296,STAR,M4.5:III (123657)
11636363000151215920600060103,78.689795,49.906447,STAR,F6II (61295)
11636405500151215920600060103,78.72621,50.310967,STAR,A4V (97603)
11636400500151215920600060103,78.891669,50.234666,STAR,A4V (97603)
11636407000151215920600060103,78.874105,50.360602,STAR,WDcooler
11636427700151215920600060103,79.060633,50.327815,GALAXY,
11636429200151215920600060103,79.081372,50.376891,GALAXY,
11636416900151215920600060103,79.12871,50.277639,STAR,CV
11636374000151215920600060103,79.016517,50.147562,STAR,A4V (97603)
11636412800151215920600060103,79.162441,50.252141,STAR,A0IVn (25642)
11636171200151215920600060103,79.208409,50.141954,STAR,F3/F5V (30743)
11636377400151215920600060103,78.698376,50.085757,STAR,F3/F5V (30743)
11636369900151215920600060103,78.836097,49.974416,STAR,WDmagnetic
11636371300151215920600060103,78.850334,50.049736,STAR,A4V (97603)
11636145000151215920600060103,78.965279,49.967172,STAR,A4V (97603)
11636168800151215920600060103,79.16953,50.071486,STAR,F6V (16673)
11636139800151215920600060103,79.06832,49.918252,STAR,A4V (97603)
11636152600151215920600060103,79.161111,49.869357,STAR,F3/F5V (30743)
11636359800151215920600060103,78.384055,49.743234,STAR,F0III (89025)
11636133300151215920600060103,78.365982,49.688732,STAR,F2III (89254)
11636132400151215920600060103,78.388141,49.668898,STAR,F3/F5V (30743)
11636132100151215920600060103,78.360255,49.609904,STAR,A4V (97603)
11636126900151215920600060103,78.381385,49.566776,STAR,F6II (61295)
11636128000151215920600060103,78.543139,49.664018,STAR,A4V (97603)
11636128500151215920600060103,78.583194,49.614502,STAR,F0V (90277)
11636113600151215920600060103,78.66132,49.608912,STAR,A0IVn (25642)
11636112800151215920600060103,78.733168,49.602836,QSO,
11636112600151215920600060103,78.718447,49.575087,STAR,A4V (97603)
11636120400151215920600060103,78.792678,49.641447,STAR,WDhotter
11636105900151215920600060103,78.540213,49.454525,STAR,A4V (97603)
11636109400151215920600060103,78.643093,49.533876,STAR,K4III (136726)
11636109000151215920600060103,78.631313,49.485979,STAR,A4V (97603)
11636106000151215920600060103,78.572665,49.440564,QSO,
11636115300151215920600060103,78.821518,49.528371,STAR,F8V (30562)
11636115600151215920600060103,78.879911,49.569682,STAR,A4V (97603)
11636060100151215920600060103,78.850269,49.445539,STAR,A4V (97603)
11636060900151215920600060103,78.874093,49.46367,STAR,F8V (30562)
11636050600151215920600060103,78.727007,49.366005,STAR,A4V (97603)
11636056000151215920600060103,78.838519,49.37128,STAR,A4V (97603)
11636046900151215920600060103,78.731799,49.337629,STAR,A4V (97603)
11636055700151215920600060103,78.937635,49.405967,STAR,A0IVn (25642)
11636122100151215920600060103,78.879471,49.716397,STAR,A4V (97603)
11636117600151215920600060103,78.940475,49.687526,STAR,F0V (90277)
11636116800151215920600060103,78.923435,49.619879,STAR,F3/F5V (30743)
11636148300151215920600060103,79.153292,49.795366,STAR,A4V (97603)
11636147500151215920600060103,79.297504,49.789028,STAR,WDhotter
11636061900151215920600060103,78.921461,49.515023,STAR,A0IVn (25642)
11636057100151215920600060103,78.968627,49.475393,STAR,CV
11636058500151215920600060103,79.181742,49.520782,STAR,A4V (97603)
11636087200151215920600060103,79.193824,49.598322,STAR,F2III (89254)
11636071500151215920600060103,79.365167,49.530635,STAR,WDmagnetic
11636072700151215920600060103,79.44328,49.525792,STAR,A4V (97603)
11636066400151215920600060103,79.351749,49.374605,GALAXY,
11598662300151215920600060103,79.481574,49.378306,STAR,A4V (97603)
11635974000151215920600060103,77.544411,49.137639,STAR,A4V (97603)
11635958800151215920600060103,77.632448,49.079853,STAR,F2III (89254)
11636002300151215920600060103,77.698601,49.156569,STAR,CV
11635989400151215920600060103,77.682937,49.110013,STAR,G0 (63791)
11635953000151215920600060103,77.623981,48.946263,STAR,A4V (97603)
11635983900151215920600060103,77.716619,49.026271,STAR,A4V (97603)
11635992300151215920600060103,77.892203,49.189756,STAR,M5III (221615)
11635986600151215920600060103,77.909658,49.120471,STAR,F3/F5V (30743)
11635985700151215920600060103,77.987881,49.10922,STAR,K2III (115136)
11635922500151215920600060103,77.923821,48.965617,STAR,G5Iab: (20123)
11635924300151215920600060103,78.046431,49.051037,STAR,A4V (97603)
11635923100151215920600060103,78.026907,49.003819,STAR,K0IV (191026)
11635892000151215920600060103,77.63986,48.858999,STAR,A4V (97603)
11635887000151215920600060103,77.753028,48.786892,STAR,A4V (97603)
11635915600151215920600060103,77.896649,48.878381,STAR,A0IVn (25642)
11635914900151215920600060103,77.933202,48.86723,STAR,F2III (89254)
11635915800151215920600060103,77.966845,48.850672,STAR,F2III (89254)
11635916400151215920600060103,78.017542,48.901268,STAR,A4V (97603)
11635916900151215920600060103,78.096117,48.901516,STAR,F3/F5V (30743)
11635933000151215920600060103,78.223834,49.15035,STAR,G4V (32923)
11635925600151215920600060103,78.140942,48.972401,STAR,A4V (97603)
11635927100151215920600060103,78.181332,49.027214,STAR,A4V (97603)
11635935000151215920600060103,78.348157,49.249366,STAR,A4V (97603)
11635934200151215920600060103,78.418475,49.216371,STAR,A4V (97603)
11635930400151215920600060103,78.29458,49.11676,STAR,A4V (97603)
11636023100151215920600060103,78.53029,49.012353,QSO,
11635908000151215920600060103,78.183835,48.894132,STAR,A4V (97603)
11635903900151215920600060103,78.218571,48.852233,STAR,WDhotter
11635908700151215920600060103,78.278862,48.966023,STAR,A4V (97603)
11598510900151215920600060103,78.280272,48.75828,STAR,A0IVn (25642)
11635906600151215920600060103,78.5034,48.966214,STAR,F2III (89254)
11598500800151215920600060103,77.923102,48.536373,STAR,A4V (97603)
11635895900151215920600060103,78.041743,48.67172,QSO,
11598502700151215920600060103,78.02492,48.602651,STAR,A4V (97603)
11598498200151215920600060103,78.126435,48.553594,STAR,A4V (97603)
11598496200151215920600060103,77.879724,48.403065,STAR,A4V (97603)
11598477500151215920600060103,78.103653,48.33375,STAR,A4V (97603)
11598478000151215920600060103,78.241028,48.366264,STAR,A0IVn (25642)
11598415200151215920600060103,78.146024,48.23632,STAR,F2III (89254)
11598493400151215920600060103,78.511221,48.6369,GALAXY,
11598507700151215920600060103,78.585848,48.738998,STAR,F3/F5V (30743)
11598594000151215920600060103,78.624257,48.633546,STAR,A4V (97603)
11598427600151215920600060103,78.641217,48.513686,QSO,
11598424300151215920600060103,78.364145,48.335552,STAR,F3/F5V (30743)
11598418200151215920600060103,78.463192,48.255402,STAR,A4V (97603)
11598419800151215920600060103,78.523137,48.262856,STAR,F2III (89254)
11598407100151215920600060103,78.554523,48.255822,STAR,A4V (97603)
11636043300151215920600060103,78.644412,49.229232,STAR,A4V (97603)
11636045300151215920600060103,78.674173,49.254701,STAR,CV
11636023800151215920600060103,78.67293,49.08184,STAR,A4V (97603)
11598626100151215920600060103,78.93898,49.071431,STAR,F2III (89254)
11598628200151215920600060103,79.008561,49.156426,STAR,F8V (30562)
11598626600151215920600060103,79.053697,49.119258,STAR,F0V (90277)
11598618500151215920600060103,78.639682,48.965043,STAR,WDcooler
11598616900151215920600060103,78.646341,48.927181,STAR,A4V (97603)
11598613700151215920600060103,78.793007,48.910128,STAR,A9V (154660)
11598596800151215920600060103,78.918419,48.80208,STAR,F2III (89254)
11598619400151215920600060103,78.919351,49.03588,STAR,F0IV (81937)
11598613200151215920600060103,78.891416,48.918859,STAR,A4V (97603)
11598607300151215920600060103,79.08595,48.980834,STAR,F8V (30562)
11598605100151215920600060103,79.087432,48.890559,STAR,A4V (97603)
11598601300151215920600060103,79.118064,48.885616,STAR,A4V (97603)
11598601100151215920600060103,79.073735,48.868893,STAR,WDhotter
11636033200151215920600060103,79.052053,49.197844,STAR,F8V (30562)
11636035700151215920600060103,79.218981,49.314576,STAR,F2III (89254)
11598631800151215920600060103,79.273681,49.278308,STAR,M1 (204445)
11598630700151215920600060103,79.09645,49.186081,STAR,F2III (89254)
11598659300151215920600060103,79.386087,49.31806,GALAXY,
11598658500151215920600060103,79.300929,49.226893,STAR,A4V (97603)
11598654200151215920600060103,79.381279,49.211511,STAR,A4V (97603)
11598653100151215920600060103,79.469432,49.217028,STAR,K0IV (191026)
11598638900151215920600060103,79.547007,49.145201,STAR,A4V (97603)
11598608700151215920600060103,79.284192,49.034861,STAR,A4V (97603)
11598633500151215920600060103,79.365256,48.983849,STAR,K1IVa (142091)
11598607500151215920600060103,79.181448,48.939705,STAR,A4V (97603)
11598602900151215920600060103,79.323654,48.930141,STAR,F8V (30562)
11598632600151215920600060103,79.389565,48.96463,STAR,F6II (61295)
11598548700151215920600060103,79.332428,48.835884,STAR,F6II (61295)
11598575700151215920600060103,79.494856,48.977545,STAR,A4V (97603)
11598635700151215920600060103,79.551113,49.084481,STAR,A4V (97603)
11598570000151215920600060103,79.467116,48.859347,STAR,Am (78362)
11598590100151215920600060103,78.777681,48.678526,STAR,G0Ib (204867)
11598590900151215920600060103,78.836393,48.656422,STAR,F2III (89254)
11598538800151215920600060103,78.981898,48.646523,STAR,A4V (97603)
11598537900151215920600060103,78.901379,48.57314,STAR,F0V (90277)
11598591700151215920600060103,78.996129,48.72986,STAR,WDhotter
11598546200151215920600060103,79.195473,48.731893,STAR,F3/F5V (30743)
11598529100151215920600060103,79.210194,48.597405,STAR,G4V (32923)
11598521800151215920600060103,78.975491,48.447296,STAR,A4V (97603)
11598520900151215920600060103,79.046799,48.424216,STAR,A4V (97603)
11598516500151215920600060103,78.908006,48.331643,STAR,K2III (115136)
11598528500151215920600060103,79.143404,48.543082,STAR,F0V (90277)
11598524200151215920600060103,79.199636,48.450737,STAR,A0IVn (25642)
11598285200151215920600060103,79.147995,48.316723,STAR,F6II (61295)
11598285900151215920600060103,79.271174,48.426578,STAR,A4V (97603)
11598287400151215920600060103,79.32549,48.418974,STAR,G0Ib (204867)
11598547700151215920600060103,79.283277,48.785707,STAR,A4V (97603)
11598569500151215920600060103,79.448579,48.822818,STAR,F8V (30562)
11598543800151215920600060103,79.375315,48.743481,STAR,A4V (97603)
11598531400151215920600060103,79.378163,48.659469,STAR,F3/F5V (30743)
11598554900151215920600060103,79.467846,48.656706,STAR,F0V (90277)
11598555600151215920600060103,79.473833,48.67845,STAR,A4V (97603)
11598551300151215920600060103,79.4717,48.600874,STAR,Am (78362)
11598556800151215920600060103,79.679148,48.808099,STAR,A4V (97603)
11598553700151215920600060103,79.639568,48.690931,STAR,F6II (61295)
11598315300151215920600060103,79.697516,48.648201,STAR,A4V (97603)
11598315700151215920600060103,79.758449,48.67662,STAR,A0IVn (25642)
11598286700151215920600060103,79.423853,48.411534,STAR,A4V (97603)
11598282700151215920600060103,79.412568,48.36338,STAR,A4V (97603)
11598309000151215920600060103,79.515635,48.442954,GALAXY,
11598308400151215920600060103,79.501108,48.405975,STAR,A4V (97603)
11598313500151215920600060103,79.584643,48.579171,STAR,M4.5:III (123657)
11598312700151215920600060103,79.574393,48.514469,STAR,WDhotter
11598314000151215920600060103,79.773442,48.608374,GALAXY,
11598309800151215920600060103,79.720208,48.505175,STAR,A4V (97603)
11598309600151215920600060103,79.694124,48.471855,STAR,A4V (97603)
11598296800151215920600060103,79.74961,48.446941,STAR,A4V (97603)
11636418700151215920600060103,79.184483,50.341785,STAR,A4V (97603)
11636418600151215920600060103,79.166708,50.321227,STAR,K5 (G_19-24)
11636414300151215920600060103,79.373195,50.29373,STAR,A4V (97603)
11636414700151215920600060103,79.419396,50.30684,STAR,K1IVa (142091)
11636172800151215920600060103,79.431069,50.238176,STAR,F0V (90277)
11636172200151215920600060103,79.372602,50.201316,QSO,
11636422500151215920600060103,79.496001,50.399474,STAR,F2III (89254)
11636420600151215920600060103,79.447074,50.303993,STAR,WDcooler
11636174600151215920600060103,79.573025,50.230455,STAR,A0IVn (25642)
11636167600151215920600060103,79.290621,50.086519,STAR,F2III (89254)
11636165600151215920600060103,79.282416,50.033118,STAR,A4V (97603)
11636154500151215920600060103,79.36128,49.953836,STAR,F2III (89254)
11636154900151215920600060103,79.465762,50.021508,STAR,A4V (97603)
11636594400151215920600060103,79.875886,50.421654,STAR,K3V (32147)
11636591300151215920600060103,80.020422,50.424309,STAR,F3/F5V (30743)
11636576700151215920600060103,80.0062,50.213506,STAR,G1V (95128)
11636158200151215920600060103,79.875751,50.093995,STAR,A4V (97603)
11636542800151215920600060103,80.070296,50.080911,STAR,F2III (89254)
11636540500151215920600060103,80.249706,50.05169,STAR,F3/F5V (30743)
11636528900151215920600060103,80.309125,50.012844,STAR,A0IVn (25642)
11636076000151215920600060103,79.511873,49.634674,STAR,F2III (89254)
11636096100151215920600060103,79.623904,49.725942,STAR,A4V (97603)
11636074700151215920600060103,79.600618,49.629517,STAR,A4V (97603)
11636074100151215920600060103,79.590276,49.602859,STAR,A4V (97603)
11636069800151215920600060103,79.559604,49.493814,STAR,F2III (89254)
11598662100151215920600060103,79.638139,49.431775,STAR,A4V (97603)
11636077300151215920600060103,79.80699,49.6019,STAR,M5III (221615)
11598663800151215920600060103,79.845611,49.425256,STAR,M5III (221615)
11636524200151215920600060103,80.003914,49.812868,STAR,A4V (97603)
11636524000151215920600060103,80.046657,49.78306,STAR,WDmagnetic
11636523700151215920600060103,80.128216,49.802386,STAR,K1IVa (142091)
11636523200151215920600060103,80.096407,49.775428,STAR,Am (78362)
11636526000151215920600060103,80.282938,49.891019,STAR,CV
11598969100151215920600060103,80.401661,49.571382,STAR,A4V (97603)
11636533100151215920600060103,80.37784,50.011585,STAR,A4V (136729)
11598979900151215920600060103,80.611319,49.7941,STAR,CV
11598980300151215920600060103,80.75803,49.8438,QSO,
11598973100151215920600060103,80.561572,49.593604,QSO,
11598955500151215920600060103,80.906899,49.723354,STAR,M4.5:III (123657)
11598955700151215920600060103,80.941179,49.725037,STAR,A4V (97603)
11598998600151215920600060103,81.079341,49.926243,STAR,CV
11598957300151215920600060103,81.189355,49.844832,STAR,F3/F5V (30743)
11598956700151215920600060103,81.147866,49.758186,STAR,K2III (115136)
11598940200151215920600060103,81.077009,49.504201,STAR,G3Ib (58526)
11598958100151215920600060103,81.399447,49.784843,STAR,G0Ib (204867)
11598946500151215920600060103,81.331678,49.611044,GALAXY,
11598648900151215920600060103,79.876624,49.347009,STAR,G3Ib (58526)
11598651300151215920600060103,80.012798,49.411367,STAR,G3Ib (58526)
11598645500151215920600060103,79.925345,49.256944,STAR,A0IVn (25642)
11598586500151215920600060103,79.954761,49.156551,STAR,M1 (204445)
11598645200151215920600060103,79.950446,49.264833,STAR,WDmagnetic
11598578900151215920600060103,79.646598,49.048823,STAR,K0IV (191026)
11598565500151215920600060103,79.780173,48.921964,STAR,M5III (221615)
11598579400151215920600060103,79.843547,48.968132,STAR,M5III (221615)
11598562600151215920600060103,80.040608,48.905344,STAR,A4V (97603)
11598567300151215920600060103,80.147511,49.027089,STAR,G0 (63791)
11598964700151215920600060103,80.175256,49.390028,STAR,G0 (63791)
11598965100151215920600060103,80.246871,49.402162,GALAXY,
11598928800151215920600060103,80.246172,49.318979,STAR,A4V (97603)
11598929000151215920600060103,80.124035,49.286045,STAR,M6III (148783)
11598924400151215920600060103,80.135354,49.220496,STAR,A4V (136729)
11598923200151215920600060103,80.132169,49.169797,STAR,A4V (97603)
11598923400151215920600060103,80.202375,49.188223,STAR,F3/F5V (30743)
11598911800151215920600060103,80.242529,49.089954,STAR,G3Ib (58526)
11598758500151215920600060103,80.226425,48.945861,STAR,G0 (63791)
11598757900151215920600060103,80.292393,48.926173,STAR,F8Ibvar (45412)
11598761900151215920600060103,80.415793,49.026282,STAR,A4V (97603)
11598911400151215920600060103,80.466313,49.160646,STAR,WDhotter
11598760300151215920600060103,80.465135,48.978214,STAR,F3/F5V (30743)
11598559100151215920600060103,79.888015,48.801014,STAR,A0IVn (25642)
11598314100151215920600060103,79.81794,48.637811,STAR,Am (78362)
11598318500151215920600060103,79.862979,48.637154,STAR,K5 (G_19-24)
11598319000151215920600060103,79.898256,48.649614,STAR,F3/F5V (30743)
11598317900151215920600060103,80.007961,48.656537,STAR,G4V (32923)
11598316500151215920600060103,79.862121,48.553017,STAR,F6II (61295)
11598304800151215920600060103,80.024657,48.598583,STAR,F2III (89254)
11598299500151215920600060103,80.042891,48.471763,STAR,F2III (89254)
11598307000151215920600060103,80.054769,48.621889,STAR,A4V (97603)
11598301400151215920600060103,80.201752,48.553681,STAR,G4V (32923)
11598253400151215920600060103,80.227828,48.401146,STAR,M5III (221615)
11598250700151215920600060103,80.291009,48.412239,STAR,K5Ve (118100)
11598757200151215920600060103,80.280002,48.890485,STAR,F2III (89254)
11598755100151215920600060103,80.337339,48.895757,STAR,A4V (97603)
11598754100151215920600060103,80.2671,48.784474,STAR,A4V (97603)
11598745700151215920600060103,80.485712,48.850422,STAR,A9V (154660)
11598740600151215920600060103,80.535502,48.729915,STAR,F3/F5V (30743)
11598690600151215920600060103,80.514415,48.503444,STAR,A4V (97603)
11598696200151215920600060103,80.597514,48.668405,STAR,A4V (97603)
11598691400151215920600060103,80.595869,48.565727,STAR,A4V (97603)
11598683600151215920600060103,80.749868,48.49486,STAR,A4V (97603)
11598920400151215920600060103,80.645754,49.33969,STAR,A4V (97603)
11598920600151215920600060103,80.756409,49.350103,STAR,F2III (89254)
11598921400151215920600060103,80.890083,49.437189,STAR,M6III (148783)
11598918500151215920600060103,80.890082,49.357856,STAR,F2III (89254)
11598940100151215920600060103,81.063063,49.459725,STAR,F0V (90277)
11598939200151215920600060103,80.985276,49.380544,STAR,F2III (89254)
11598764200151215920600060103,80.757232,49.095342,GALAXY,
11598766100151215920600060103,80.916176,49.169992,GALAXY,
11598776600151215920600060103,81.00696,49.120972,STAR,A4V (97603)
11598772800151215920600060103,81.18791,49.047023,STAR,M4.5:III (123657)
11598785700151215920600060103,81.131051,49.275496,STAR,F8V (30562)
11598786600151215920600060103,81.242102,49.307787,STAR,F2III (89254)
11598778400151215920600060103,81.320599,49.304614,STAR,K1IVa (142091)
11598792300151215920600060103,81.411033,49.453381,STAR,A4V (97603)
11598791200151215920600060103,81.397364,49.369623,STAR,K1IVa (142091)
11598783400151215920600060103,81.519408,49.382261,STAR,M5III (221615)
11598780800151215920600060103,81.605901,49.29251,STAR,K3V (32147)
11598780900151215920600060103,81.632243,49.298371,STAR,A4V (97603)
11598778000151215920600060103,81.288663,49.246562,STAR,F0V (90277)
11598773100151215920600060103,81.253615,49.070869,STAR,A4V (97603)
11598727700151215920600060103,81.308611,49.037515,STAR,A4V (97603)
11598778800151215920600060103,81.509106,49.199848,GALAXY,
11598732300151215920600060103,81.505815,49.103274,QSO,
11598730300151215920600060103,81.631764,49.066866,STAR,A4V (97603)
11598730600151215920600060103,81.650632,49.082446,STAR,F2III (89254)
11598749200151215920600060103,80.941007,48.920189,STAR,G0Ib (204867)
11598725100151215920600060103,81.056258,48.879107,STAR,F3/F5V (30743)
11598685300151215920600060103,80.850433,48.590856,STAR,G0Ib (204867)
11598682700151215920600060103,80.947069,48.518633,STAR,A4V (97603)
11598708500151215920600060103,81.05041,48.697178,STAR,A4V (97603)
11598707200151215920600060103,81.068397,48.67177,STAR,F6II (61295)
11597889300151215920600060103,81.199566,48.485858,STAR,A4V (97603)
11598723300151215920600060103,81.259886,48.911975,STAR,A4V (97603)
11598728500151215920600060103,81.478032,48.965182,STAR,F6II (61295)
11598413700151215920600060103,78.076938,48.174339,STAR,Am (78362)
11598409300151215920600060103,78.025107,48.03753,STAR,A0IVn (25642)
11598412100151215920600060103,78.189518,48.144438,STAR,F2III (89254)
11598397100151215920600060103,78.352763,48.042827,STAR,A4V (97603)
11598392100151215920600060103,78.208813,47.913703,STAR,A4V (97603)
11598391700151215920600060103,78.316682,47.934355,STAR,G3Ib (58526)
11598172900151215920600060103,78.372926,47.78558,STAR,G3Ib (58526)
11598180000151215920600060103,78.478949,47.78132,STAR,M5III (221615)
11598418100151215920600060103,78.461204,48.233287,STAR,F2III (89254)
11598185800151215920600060103,78.615353,48.018393,STAR,A4V (97603)
11598272300151215920600060103,78.916771,48.097766,STAR,A0IVn (25642)
11598166000151215920600060103,78.727073,47.821234,STAR,F2III (89254)
11598255500151215920600060103,78.96699,47.848409,GALAXY,
11598095500151215920600060103,78.83746,47.669076,STAR,A4V (97603)
11598092900151215920600060103,78.868933,47.607175,STAR,CV
11598209000151215920600060103,79.034057,47.751239,STAR,CV
11598207800151215920600060103,79.053365,47.739153,GALAXY,
11598192300151215920600060103,79.071491,47.605203,STAR,WDcooler
11598194100151215920600060103,79.107834,47.61586,STAR,F8Ibvar (45412)
11598188800151215920600060103,79.083887,47.540973,STAR,CV
11598257500151215920600060103,79.046795,47.905306,STAR,F8Ibvar (45412)
11598217000151215920600060103,79.273084,47.920142,STAR,A4V (97603)
11598217900151215920600060103,79.314672,47.957176,STAR,A4V (97603)
11598219100151215920600060103,79.451977,48.0163,STAR,A0IVn (25642)
11598245000151215920600060103,79.677709,48.196251,STAR,A0IVn (25642)
11598247800151215920600060103,79.842521,48.297285,STAR,A4V (97603)
11598246700151215920600060103,79.747263,48.208403,STAR,A4V (97603)
11598243800151215920600060103,79.722492,48.161057,STAR,WDcooler
11598240500151215920600060103,79.656904,48.081107,STAR,WDcooler
11598226400151215920600060103,79.628272,47.933225,STAR,F2III (89254)
11598226600151215920600060103,79.647193,47.955938,STAR,A4V (97603)
11598229300151215920600060103,79.882576,48.078225,STAR,K1IVa (142091)
11598224900151215920600060103,79.952181,47.993098,STAR,CV
11598223900151215920600060103,79.981865,47.973834,STAR,CV
11598190700151215920600060103,79.232005,47.604876,STAR,A4V (97603)
11598195300151215920600060103,79.298761,47.607498,STAR,A2II (39866)
11598196700151215920600060103,79.450405,47.700605,STAR,WDcooler
11598202100151215920600060103,79.469531,47.821186,STAR,CV
11597471100151215920600060103,79.457031,47.545093,STAR,A4V (97603)
11597491800151215920600060103,79.976027,47.783499,STAR,G5Iab: (20123)
11597481700151215920600060103,79.93647,47.686484,STAR,CV
11597481200151215920600060103,79.953262,47.662188,STAR,WDmagnetic
11597481900151215920600060103,80.051811,47.708459,GALAXY,
11597478700151215920600060103,79.764878,47.50945,STAR,CV
11597480200151215920600060103,79.79104,47.553846,STAR,CV
11597478100151215920600060103,79.990119,47.6007,STAR,WDcooler
11597477400151215920600060103,80.042361,47.541271,STAR,CV
11598250300151215920600060103,80.160612,48.352091,STAR,A4V (97603)
11598238100151215920600060103,80.186864,48.256268,STAR,A4V (97603)
11598238200151215920600060103,80.209783,48.267688,STAR,F6II (61295)
11598673200151215920600060103,80.358849,48.224804,STAR,F2III (89254)
11597502500151215920600060103,80.185148,48.010602,STAR,CV
11598231800151215920600060103,80.260871,48.115116,STAR,A4V (97603)
11597858300151215920600060103,80.403324,48.112538,STAR,F6II (61295)
11597854300151215920600060103,80.392843,47.994503,STAR,CV
11597854600151215920600060103,80.501712,48.019079,STAR,F6II (61295)
11598673600151215920600060103,80.463218,48.296932,STAR,F0V (90277)
11598673800151215920600060103,80.482686,48.313346,STAR,F3/F5V (30743)
11598673400151215920600060103,80.437455,48.276337,STAR,F2III (89254)
11598672800151215920600060103,80.48927,48.247378,STAR,F0V (90277)
11598675800151215920600060103,80.65178,48.364689,STAR,A4V (97603)
11597862300151215920600060103,80.790149,48.230107,STAR,A4V (97603)
11597845800151215920600060103,80.588543,48.016397,STAR,A4V (97603)
11597849500151215920600060103,80.972116,48.115194,STAR,A4V (97603)
11597847300151215920600060103,80.812644,48.033543,STAR,F0V (90277)
11597846800151215920600060103,80.888214,48.032132,STAR,A4V (97603)
11597846700151215920600060103,80.948712,48.032503,STAR,A4V (97603)
11597487500151215920600060103,80.223789,47.832737,STAR,A4V (97603)
11597488600151215920600060103,80.266995,47.86324,STAR,G3Ib (58526)
11597488800151215920600060103,80.342771,47.871362,STAR,M5III (221615)
11597484800151215920600060103,80.386106,47.72877,STAR,G3Ib (58526)
11597439400151215920600060103,80.421098,47.690098,STAR,CV
11597839500151215920600060103,80.602564,47.896766,STAR,G0Ib (204867)
11597840300151215920600060103,80.622687,47.870854,STAR,M5III (221615)
11597788200151215920600060103,80.696917,47.715491,STAR,M4.5:III (123657)
11597795300151215920600060103,80.854298,47.832293,STAR,F2III (89254)
11597889100151215920600060103,81.128417,48.425365,STAR,WDmagnetic
11597863900151215920600060103,81.087507,48.367774,STAR,A4V (97603)
11597864100151215920600060103,80.993295,48.331352,STAR,G3Ib (58526)
11597873700151215920600060103,81.198364,48.281521,STAR,F2III (89254)
11597850000151215920600060103,81.086065,48.161017,STAR,A4V (97603)
11597869900151215920600060103,81.176069,48.180543,STAR,F6II (61295)
11597824200151215920600060103,81.211217,48.078545,STAR,F0V (90277)
11597798100151215920600060103,81.079997,47.955229,STAR,A4V (97603)
11598793500151215920600060103,81.58779,49.530285,QSO,BROADLINE
11598717900151215920600060103,81.741378,49.031367,STAR,CV
11598798100151215920600060103,81.830437,49.006954,STAR,G3Ib (58526)
3554137900151215920600060103,79.822392,47.774138,QSO,
3554252800151215920600060103,80.814957,47.881247,QSO,
3554276800151215920600060103,80.828116,48.268048,QSO,
3554367100151215920600060103,78.816062,47.715977,QSO,
3554384200151215920600060103,78.823254,47.835348,GALAXY,
3554395900151215920600060103,79.31706,47.662398,QSO,
3554410400151215920600060103,80.26589,48.248185,QSO,
3554415100151215920600060103,80.280542,48.352069,GALAXY,
3554428500151215920600060103,79.347719,48.439121,QSO,
3554431700151215920600060103,79.799853,48.397889,GALAXY,
3554439000151215920600060103,79.995584,48.700126,QSO,
3554479900151215920600060103,78.077771,48.275687,QSO,
3554486400151215920600060103,78.064715,48.530727,QSO,
3554489800151215920600060103,78.504916,48.745893,STAR,K5 (110281)
3554502800151215920600060103,79.060589,48.726062,QSO,
3554506300151215920600060103,79.49464,48.759622,QSO,
3554509500151215920600060103,79.961452,48.942614,QSO,
3554512600151215920600060103,79.50064,48.944139,STAR,B2IV-V (176819)
3554521800151215920600060103,79.080682,48.960907,GALAXY,
3554529900151215920600060103,79.592437,49.079786,QSO,
3554531200151215920600060103,79.503965,49.178817,QSO,
3554543200151215920600060103,80.619741,48.373452,GALAXY,
3554550600151215920600060103,80.617264,48.619254,GALAXY,
3554561100151215920600060103,81.353342,48.906024,QSO,
3554561700151215920600060103,81.368,48.976151,QSO,
3554585800151215920600060103,81.223873,49.258019,STAR,CalciumWD
3554642900151215920600060103,80.188958,49.052357,QSO,
3554643500151215920600060103,80.182139,49.123973,QSO,
3554661000151215920600060103,81.220108,49.713035,GALAXY,
3571598000151215920600060103,77.886874,48.634514,QSO,
3571598100151215920600060103,77.870504,48.658929,GALAXY,
3571601700151215920600060103,78.460841,48.970053,GALAXY,
3571625700151215920600060103,78.081611,49.206235,QSO,
3571626500151215920600060103,78.059613,49.273247,QSO,
3571637900151215920600060103,79.0132,49.236697,STAR,CV
3571639100151215920600060103,78.952608,49.358514,QSO,
3571654800151215920600060103,79.515528,49.732804,QSO,
3571660300151215920600060103,78.598143,49.500067,GALAXY,
3571661200151215920600060103,78.549078,49.513762,QSO,
3571687900151215920600060103,77.547018,49.296089,QSO,
3571689800151215920600060103,77.54356,49.417883,QSO,
3571702000151215920600060103,78.1875,49.775377,QSO,
3571726100151215920600060103,78.134631,50.10057,QSO,
3571736800151215920600060103,78.622443,50.035254,QSO,
3571738400151215920600060103,79.045295,50.149168,GALAXY,
3571745100151215920600060103,78.614835,50.23116,GALAXY,
3571748100151215920600060103,79.045727,50.209905,QSO,
3571750200151215920600060103,79.513616,50.36625,QSO,
3571794000151215920600060103,80.394053,50.164353,QSO,
3571794900151215920600060103,80.460791,50.246342,QSO,
