id,ra,dec,class,subclass,z,z_err
7005016400150025925300060103,35.103846,-6.2921282,QSO,BROADLINE,0.13931458,3.7884398e-05
7005016600150025925300060103,35.01667,-6.2686349,QSO,,0.86286634,0.00041100782
7005376600150025925300060103,34.90911,-6.0668356,QSO,BROADLINE,0.5656779,0.00010756877
7005019500150025925300060103,34.972713,-6.1898776,QSO,BROADLINE,1.9113861,0.001460292
7005375900150025925300060103,34.991105,-6.0930068,QSO,BROADLINE,1.2981212,0.00069994706
7005377400150025925300060103,35.056275,-6.0171515,QSO,,1.1306754,0.00024656684
7004987300150025925300060103,35.407754,-6.4484517,STAR,A9V (154660),-0.00037874773,3.5345693e-05
7005020900150025925300060103,35.198357,-6.2015798,QSO,,0.88652664,4.9891638e-05
7005011400150025925300060103,35.410434,-6.2627868,QSO,,2.192532,0.0036363243
7005696300150025925300060103,35.689222,-6.2771255,QSO,BROADLINE,2.5892193,-1.0
7005021300150025925300060103,35.156116,-6.1768468,QSO,BROADLINE,2.685627,0.001955726
7005024500150025925300060103,35.164636,-6.0885777,QSO,BROADLINE,1.734121,0.0005240787
7005734700150025925300060103,35.24326,-6.0288194,STAR,F3/F5V (30743),0.00056812767,1.3894014e-05
7005733200150025925300060103,35.337295,-6.1206512,STAR,F3/F5V (30743),0.0005562144,1.5170317e-05
7005733600150025925300060103,35.266138,-6.04728,GALAXY,,0.51880497,0.0010064143
7006149200150025925300060103,35.130754,-5.8761376,QSO,BROADLINE,0.59974116,0.00021364201
7005734100150025925300060103,35.369911,-5.9827167,QSO,BROADLINE,0.5817662,0.00044434995
7005726200150025925300060103,35.617758,-6.0965984,QSO,BROADLINE,1.6573895,0.0009008291
7005730900150025925300060103,35.61671,-6.0234278,STAR,G4V (32923),-0.000666937,1.26677e-05
7005740000150025925300060103,35.417946,-5.8505189,STAR,F3/F5V (30743),0.00053433614,1.555389e-05
7005732400150025925300060103,35.652879,-5.898463,STAR,F3/F5V (30743),7.6242286e-05,1.8354625e-05
7005692600150025925300060103,35.95899,-6.2793123,QSO,BROADLINE,1.2374077,0.00072352303
7005694600150025925300060103,36.048021,-6.1544588,QSO,BROADLINE,2.1286209,0.0029229156
7005702700150025925300060103,36.13731,-6.2008188,QSO,BROADLINE,3.0298417,0.002674222
7005615800150025925300060103,36.289988,-6.2221293,QSO,BROADLINE,1.2800466,0.00057266525
7005703400150025925300060103,36.190746,-6.1972574,QSO,BROADLINE,1.6966244,0.0008326142
7005704100150025925300060103,36.246152,-6.1384437,QSO,BROADLINE,1.5419768,0.00065550243
7005702100150025925300060103,35.820523,-6.0747067,QSO,BROADLINE,2.0515368,0.0019751643
7005730600150025925300060103,35.810521,-6.0036851,QSO,BROADLINE,1.7889161,0.0009607727
7005701900150025925300060103,35.891618,-6.0810754,QSO,BROADLINE,2.0441601,0.0023800787
7005742500150025925300060103,35.838609,-5.9334336,QSO,BROADLINE,2.8352826,6.326454e-05
7005716400150025925300060103,35.949999,-5.93855,STAR,G0Va (143761),0.00013150214,5.646184e-05
7005745600150025925300060103,35.87572,-5.7994991,QSO,BROADLINE,0.35393634,7.595227e-05
7005744100150025925300060103,35.978578,-5.8111165,QSO,BROADLINE,2.825235,0.0012114175
7005712600150025925300060103,36.069669,-6.0834693,QSO,BROADLINE,1.921309,0.0013137414
7005706800150025925300060103,36.292114,-6.0544704,GALAXY,,0.0,0.0
7005717500150025925300060103,36.195668,-5.9609085,QSO,BROADLINE,1.4101192,0.001252796
7005716800150025925300060103,36.076819,-5.919753,QSO,BROADLINE,1.6245399,0.0010745876
7005719700150025925300060103,36.28566,-5.8559544,STAR,K3V (32147),0.00021151059,5.3100084e-05
7005712000150025925300060103,36.391822,-5.9646943,STAR,A1III (225180),-0.00014106986,9.844424e-06
7005708500150025925300060103,36.458517,-6.0291636,QSO,BROADLINE,0.320875,7.043461e-05
7005771700150025925300060103,36.314418,-5.7570408,GALAXY,STARBURST,0.053586155,9.424034e-06
7005663500150025925300060103,36.609432,-5.9869653,QSO,BROADLINE,0.71841633,9.322206e-05
7005663300150025925300060103,36.851693,-5.9517632,STAR,F2V (33256),-0.00033500223,1.566482e-05
7005664600150025925300060103,36.755257,-5.8750555,STAR,F2V (33256),-0.0002073556,1.1136789e-05
7005415700150025925300060103,34.383286,-5.6325971,STAR,F3/F5V (30743),0.00043762792,1.9391364e-05
7005421300150025925300060103,34.397376,-5.498546,STAR,F3/F5V (30743),-0.00072177436,2.0336243e-05
7005423000150025925300060103,34.477716,-5.4114697,STAR,F3/F5V (30743),-0.0004117553,1.363828e-05
7006302700150025925300060103,34.25385,-5.1713761,STAR,F3/F5V (30743),0.00030868786,1.3414348e-05
7006302400150025925300060103,34.277634,-5.1750164,STAR,A2II (39866),0.00029946488,1.7191687e-05
7006296700150025925300060103,34.459475,-5.2875034,STAR,F3/F5V (30743),-6.431242e-05,8.9376794e-05
7006297600150025925300060103,34.411598,-5.2159177,QSO,BROADLINE,2.1803353,0.0032781682
7006303500150025925300060103,34.311103,-5.090489,QSO,BROADLINE,1.8963134,0.0025160338
7006303100150025925300060103,34.340239,-5.1080722,QSO,,0.9839939,0.0005951198
7006299000150025925300060103,34.485355,-5.1144004,QSO,BROADLINE,1.0943733,0.00094240316
7006306700150025925300060103,34.473953,-4.9631896,QSO,BROADLINE,1.4014899,0.00046682512
7006309300150025925300060103,34.4897,-4.8497973,QSO,BROADLINE,2.2631512,0.0008720983
7006330000150025925300060103,34.316562,-4.7483984,STAR,F0IV (81937),-8.329329e-05,1.15550665e-05
7005387300150025925300060103,34.7941,-5.8541508,QSO,BROADLINE,0.5581814,0.00012527278
7005390400150025925300060103,34.805467,-5.7225842,GALAXY,STARFORMING,0.053953387,9.721937e-06
7005414400150025925300060103,34.649644,-5.6327621,QSO,STARBURST BROADLINE,0.38683003,8.016764e-05
7005419800150025925300060103,34.552611,-5.5218703,STAR,A4V (97603),-0.00045464045,5.634141e-05
7005413300150025925300060103,34.773503,-5.6671224,QSO,BROADLINE,1.8734576,0.0020442437
7006158000150025925300060103,35.022214,-5.6980469,QSO,BROADLINE,3.9279103,0.0044534304
7006157500150025925300060103,35.102282,-5.6791905,STAR,A5II (34578),-0.00042687348,9.474497e-05
7006160400150025925300060103,34.988374,-5.6588861,STAR,A4 (G_165-39),-0.0003194733,0.00016898576
7006162000150025925300060103,35.103919,-5.6290434,QSO,BROADLINE,1.3198785,0.000949391
7005420200150025925300060103,34.538239,-5.4864601,STAR,A8V (155514),-0.00020830934,0.00011045219
7006185100150025925300060103,34.759444,-5.4291362,QSO,,1.5875589,0.00110682
7006185200150025925300060103,34.805508,-5.4489919,QSO,,0.6289841,0.00023731032
7006194400150025925300060103,34.752865,-5.2836761,QSO,BROADLINE,1.4485779,0.00080172555
7006197300150025925300060103,34.773589,-5.1776181,QSO,BROADLINE,1.6500609,0.0024330604
7006190600150025925300060103,34.891967,-5.3494919,QSO,BROADLINE,0.6478561,0.00027666157
7006186500150025925300060103,35.018347,-5.4702081,QSO,,1.2294207,0.0016002073
7006189000150025925300060103,35.006823,-5.3714079,QSO,BROADLINE,2.2223363,0.0016808847
7006196300150025925300060103,34.912856,-5.1927162,GALAXY,AGN BROADLINE,0.15057997,1.49141315e-05
7006207800150025925300060103,34.892559,-5.1498551,QSO,BROADLINE,1.321016,0.00071964314
7006150700150025925300060103,35.189294,-5.7832764,QSO,BROADLINE,2.314816,0.0011491552
7006151400150025925300060103,35.155242,-5.7039622,QSO,BROADLINE,1.1278028,0.00020334567
7005740500150025925300060103,35.390966,-5.8118993,QSO,AGN BROADLINE,0.5024761,9.1029266e-05
7006152700150025925300060103,35.306221,-5.7062606,STAR,F3/F5V (30743),0.0006678312,1.2043565e-05
7006153200150025925300060103,35.383085,-5.6962138,QSO,BROADLINE,1.7117565,0.0017867391
7006153300150025925300060103,35.383221,-5.6483102,QSO,BROADLINE,0.62746644,7.944241e-05
7006161700150025925300060103,35.206427,-5.6253384,QSO,BROADLINE,0.9748312,0.00031068278
7006162600150025925300060103,35.250471,-5.5584609,STAR,F3/F5V (30743),0.0003160951,1.2135928e-05
7006165200150025925300060103,35.145589,-5.4989325,QSO,BROADLINE,2.0416052,0.00060657517
7005751700150025925300060103,35.639744,-5.7300788,STAR,G0 (G_101-29),-0.00045686038,6.40268e-05
7005753200150025925300060103,35.585259,-5.7090063,STAR,F3/F5V (30743),0.00062825263,5.654254e-05
7005754700150025925300060103,35.621606,-5.622532,QSO,BROADLINE,2.1219745,0.0022725454
7006153400150025925300060103,35.440388,-5.6270266,STAR,F3/F5V (30743),-0.000714633,1.4371902e-05
7006165800150025925300060103,35.426829,-5.6012344,QSO,BROADLINE,1.3701537,0.00048723302
7006167300150025925300060103,35.495017,-5.4923095,QSO,BROADLINE,1.3533262,0.00057819503
7006168400150025925300060103,35.698055,-5.4954947,QSO,BROADLINE,2.099896,0.00091052894
7006188100150025925300060103,35.117405,-5.4124186,QSO,,1.4527009,0.00080075534
7006198500150025925300060103,35.198527,-5.3099807,QSO,BROADLINE,1.876417,0.00025081032
7006174900150025925300060103,35.241896,-5.3269222,QSO,BROADLINE,1.0321964,0.00053545344
7006174300150025925300060103,35.370949,-5.4114485,STAR,F2V (33256),0.00028072248,1.4025543e-05
7006199000150025925300060103,35.12314,-5.2789485,STAR,F2V (33256),0.00047665165,1.4281258e-05
7006200800150025925300060103,35.123362,-5.1729798,QSO,BROADLINE,1.6519413,0.00040145783
7006199300150025925300060103,35.264865,-5.2600354,QSO,BROADLINE,2.0212646,0.00042918185
7006202000150025925300060103,35.311606,-5.1425207,QSO,BROADLINE,0.99675286,0.00025750112
7006176900150025925300060103,35.516531,-5.3142071,GALAXY,,0.5686643,0.0001466889
7006170000150025925300060103,35.629542,-5.412469,GALAXY,,0.0,0.0
7006170500150025925300060103,35.583146,-5.3754346,QSO,BROADLINE,2.2057722,0.0031166538
7006170400150025925300060103,35.637272,-5.3601626,QSO,BROADLINE,1.7609646,0.002369535
7006178000150025925300060103,35.566672,-5.2670173,QSO,BROADLINE,1.2250997,0.00095432013
7006132600150025925300060103,35.511542,-5.1623651,QSO,STARBURST BROADLINE,0.2758552,2.6930591e-05
7006178800150025925300060103,35.582767,-5.1742925,STAR,F3/F5V (30743),7.048414e-05,1.2077297e-05
7006301000150025925300060103,34.585383,-5.0740403,QSO,BROADLINE,0.6498836,0.00014433087
7006307000150025925300060103,34.534354,-4.9792552,QSO,BROADLINE,0.7162808,0.000105881605
7006308100150025925300060103,34.558132,-4.8781123,QSO,BROADLINE,1.4483349,0.00042047282
7006317200150025925300060103,34.613513,-4.9157481,QSO,BROADLINE,2.2014017,0.0017675159
7006308000150025925300060103,34.587099,-4.909483,STAR,F0IV (81937),0.0001236296,1.0218311e-05
7006318000150025925300060103,34.572718,-4.8534795,QSO,BROADLINE,1.0846126,0.0002532665
7006318500150025925300060103,34.624239,-4.7955284,QSO,,1.0759128,0.00067930896
7006311700150025925300060103,34.675845,-4.9392071,STAR,F2V (33256),0.0005331325,8.955127e-06
7006311400150025925300060103,34.78457,-4.9170703,QSO,BROADLINE,1.8418198,0.0012938924
7006319200150025925300060103,34.685305,-4.8068753,QSO,BROADLINE,4.554119,0.00084694184
7006319100150025925300060103,34.760805,-4.7745729,QSO,BROADLINE,1.6951962,0.00041794693
7006208800150025925300060103,34.816209,-5.084183,QSO,BROADLINE,0.378667,0.0002181845
7006209200150025925300060103,34.893815,-5.0142663,STAR,F0III (89025),-0.00032144997,1.776743e-05
7006209800150025925300060103,35.008713,-5.0172446,QSO,BROADLINE,1.7894529,0.0011086726
7006213700150025925300060103,35.100372,-4.9527072,QSO,BROADLINE,1.7715702,0.00043340793
7006312400150025925300060103,34.847065,-4.8635703,QSO,BROADLINE,0.6300289,9.352459e-05
7006313200150025925300060103,34.968813,-4.880649,QSO,,1.923003,0.0005630807
7006313500150025925300060103,35.054588,-4.8539133,QSO,BROADLINE,0.9298687,0.00022272758
7006342600150025925300060103,34.533778,-4.7033445,QSO,BROADLINE,1.2995328,0.0009602614
7006322300150025925300060103,34.764589,-4.6597575,QSO,,1.8401403,0.0014969216
7006347600150025925300060103,34.719909,-4.5451203,QSO,,1.7394764,0.00040505262
7006324100150025925300060103,34.809089,-4.4931579,STAR,A2II (39866),-0.0005927572,6.8259915e-06
7006403200150025925300060103,34.79469,-4.4499515,STAR,F3/F5V (30743),0.0001605962,1.2753045e-05
7006404400150025925300060103,34.791726,-4.4073729,STAR,F0IV (81937),0.0002889264,8.063926e-05
7006320900150025925300060103,34.83848,-4.7208813,QSO,BROADLINE,2.804402,0.0020637864
7006316300150025925300060103,34.921557,-4.6834705,QSO,BROADLINE,2.0945354,0.0013299383
7006321800150025925300060103,34.946397,-4.6318959,QSO,BROADLINE,1.628319,0.00089011167
7006314700150025925300060103,35.104781,-4.7483095,QSO,BROADLINE,0.759437,0.00019151189
7006360600150025925300060103,35.03003,-4.5899083,STAR,G4V (32923),0.00046322952,5.561088e-05
7006372900150025925300060103,34.887937,-4.4881117,QSO,BROADLINE,0.95100397,0.000675922
7006374200150025925300060103,34.899794,-4.4294998,QSO,BROADLINE,2.4858456,0.0020936194
7006371500150025925300060103,35.059743,-4.488107,QSO,BROADLINE,2.4640148,0.00092166185
7006371700150025925300060103,34.991315,-4.4809679,QSO,,3.6417432,0.0018081615
7006377700150025925300060103,35.078782,-4.3948803,STAR,A4 (G_165-39),-0.0007049253,0.0001808216
7006211200150025925300060103,35.113005,-4.9926191,QSO,,1.904371,0.0033671123
7006203700150025925300060103,35.298321,-5.0725365,STAR,F6V (16673),-0.00049195706,4.6494628e-05
7006206200150025925300060103,35.332995,-4.9968778,QSO,BROADLINE,1.7707305,0.0012434891
7006215500150025925300060103,35.143862,-4.8590574,QSO,BROADLINE,2.7391603,4.0551854e-06
7006270000150025925300060103,35.247885,-4.8214391,QSO,BROADLINE,1.5461226,0.00025603536
7006269000150025925300060103,35.343798,-4.7829862,QSO,BROADLINE,2.641697,0.00072659634
7006267800150025925300060103,35.393121,-4.8182629,QSO,BROADLINE,1.6628652,0.0003758014
7006202900150025925300060103,35.441361,-5.0383999,QSO,BROADLINE,0.96211874,0.0005540697
7006257000150025925300060103,35.469603,-5.0055827,STAR,F3/F5V (30743),-0.00018245146,5.1785002e-05
7006228100150025925300060103,35.6103,-5.0205202,STAR,F3/F5V (30743),-1.605255e-05,1.1473155e-05
7006260100150025925300060103,35.51391,-4.9059262,QSO,BROADLINE,1.0263944,0.00045552742
7006261300150025925300060103,35.507909,-4.8026242,GALAXY,,0.14173502,2.2773163e-05
7006263800150025925300060103,35.623427,-4.8283716,QSO,BROADLINE,2.277886,0.0018071451
7006265000150025925300060103,35.666345,-4.7481838,QSO,BROADLINE,1.1873431,0.0005933084
7006358100150025925300060103,35.134415,-4.7049361,QSO,BROADLINE,1.4001324,0.0004873084
7006271600150025925300060103,35.269355,-4.7111316,QSO,BROADLINE,1.0546308,0.00052657974
7006271900150025925300060103,35.273549,-4.6837631,QSO,STARBURST BROADLINE,0.19879092,5.3937754e-05
7006275100150025925300060103,35.387943,-4.6302771,QSO,,2.989325,0.0005428743
7006376100150025925300060103,35.160705,-4.421582,STAR,F6V (16673),-0.00054944,7.8090685e-05
7006377200150025925300060103,35.252198,-4.3907959,QSO,BROADLINE,3.7245448,0.0022529159
7006365500150025925300060103,35.3127,-4.532121,QSO,BROADLINE,1.7599653,0.0011601012
7006370100150025925300060103,35.326923,-4.3773906,QSO,BROADLINE,0.8274516,0.000107752494
7006275900150025925300060103,35.513508,-4.5760998,STAR,F3/F5V (30743),-0.00014486768,6.177002e-06
7006274200150025925300060103,35.659948,-4.6351104,STAR,K5 (G_19-24),-0.00015855912,3.9522045e-05
7006286600150025925300060103,35.631854,-4.5490218,QSO,BROADLINE,1.8194656,0.0008058333
7006287000150025925300060103,35.68506,-4.5630735,QSO,BROADLINE,0.76103055,8.547843e-05
7006366300150025925300060103,35.464123,-4.4813506,QSO,BROADLINE,1.4207544,0.0013343119
7006289600150025925300060103,35.533825,-4.4596429,QSO,BROADLINE,1.6828983,0.0007041705
7006288000150025925300060103,35.677266,-4.5051592,QSO,BROADLINE,1.1654229,0.00060620817
7005752300150025925300060103,35.770965,-5.7141642,QSO,BROADLINE,1.0763216,0.00084610865
7005753000150025925300060103,35.774911,-5.6709431,QSO,BROADLINE,2.83619,0.00029604914
7005750100150025925300060103,35.962907,-5.6306613,QSO,BROADLINE,1.3409438,0.00025508346
7006168700150025925300060103,35.7267,-5.4819243,QSO,BROADLINE,1.214367,0.00095134164
7005746500150025925300060103,36.097949,-5.7632531,QSO,BROADLINE,1.538633,0.0009347836
7005750700150025925300060103,36.055709,-5.5959971,QSO,BROADLINE,2.256317,0.001262655
7005722800150025925300060103,36.154633,-5.7531054,QSO,BROADLINE,0.4791424,8.746972e-05
7005804700150025925300060103,36.055865,-5.456932,QSO,BROADLINE,3.7724793,0.0015558187
7005799200150025925300060103,36.13163,-5.4719224,QSO,BROADLINE,2.1005998,0.0004889649
7006169600150025925300060103,35.735266,-5.3486663,QSO,BROADLINE,1.349872,0.00052136666
7006216900150025925300060103,35.812818,-5.3176227,QSO,BROADLINE,0.972054,0.0001681867
7006218700150025925300060103,35.70698,-5.2481143,QSO,BROADLINE,0.31608543,0.00014234649
7006224900150025925300060103,35.715688,-5.1201518,QSO,,3.7800434,0.0044046794
7006225000150025925300060103,35.801911,-5.106962,QSO,BROADLINE,2.2103498,0.00189655
7006223000150025925300060103,35.946709,-5.0980367,QSO,BROADLINE,2.3331132,0.0015919299
7005806600150025925300060103,36.099859,-5.3446668,STAR,M1 (204445),0.00036403287,4.1658725e-05
7005808300150025925300060103,36.066804,-5.2844724,STAR,F6V (16673),-0.00042939832,4.0802362e-05
7005809200150025925300060103,36.201229,-5.3500448,QSO,BROADLINE,1.0381851,0.000529647
7005803500150025925300060103,36.232392,-5.366646,QSO,BROADLINE,2.8717015,0.0013697667
7005813300150025925300060103,36.192396,-5.1410316,QSO,BROADLINE,1.3612034,0.0003954099
7005774500150025925300060103,36.424619,-5.592325,QSO,BROADLINE,1.6499192,0.00071574625
7005772100150025925300060103,36.549978,-5.6699082,STAR,F2V (33256),0.00075407606,6.2711144e-05
7005777100150025925300060103,36.485111,-5.5807258,QSO,BROADLINE,2.88463,0.0011609892
7005777900150025925300060103,36.42662,-5.4974372,QSO,BROADLINE,1.2867602,0.00023922118
7005800500150025925300060103,36.399335,-5.4463705,QSO,BROADLINE,0.81282187,0.00011511207
7005777300150025925300060103,36.482265,-5.5536291,STAR,F3/F5V (30743),0.00089233683,6.9132498e-06
7005777700150025925300060103,36.508783,-5.515219,QSO,BROADLINE,1.5641927,0.00040627978
7005801300150025925300060103,36.481596,-5.4394195,STAR,F0IV (81937),-0.0002468324,1.3267762e-05
7005768100150025925300060103,36.615073,-5.6857975,STAR,F0III (89025),-0.0005674855,7.666016e-05
7005769800150025925300060103,36.701757,-5.6266855,QSO,BROADLINE,2.3699653,0.001669771
7005788400150025925300060103,36.788669,-5.4260501,QSO,BROADLINE,1.3488554,0.0009638869
7005814100150025925300060103,36.570522,-5.3647231,QSO,BROADLINE,2.4554827,0.0036799253
7005816400150025925300060103,36.478611,-5.2318077,QSO,BROADLINE,1.2548994,0.00043926062
7005827100150025925300060103,36.390803,-5.1339176,QSO,BROADLINE,1.1824356,0.00019590957
7005791700150025925300060103,36.6211,-5.3406821,STAR,B5 (338529),-0.00023177585,6.7587964e-05
7005795200150025925300060103,36.824526,-5.2733159,QSO,BROADLINE,0.5658585,0.00023502216
7005820700150025925300060103,36.718865,-5.1056009,QSO,BROADLINE,1.6302825,0.00072848675
7005824200150025925300060103,36.628296,-5.0978289,QSO,BROADLINE,1.6585114,0.0005280215
7005819700150025925300060103,36.743174,-5.1730319,STAR,F0IV (81937),-9.932871e-06,1.2910104e-05
7005820100150025925300060103,36.790309,-5.1336283,STAR,A4V (136729),-0.00034322173,5.3414817e-05
7006232400150025925300060103,35.745446,-4.9812354,QSO,BROADLINE,0.4674946,0.00014300834
7006231600150025925300060103,35.994356,-4.8977184,QSO,BROADLINE,2.2472718,0.0027186477
7006265300150025925300060103,35.731332,-4.7362476,QSO,BROADLINE,2.8699024,-1.0
7006233500150025925300060103,35.888538,-4.8230077,QSO,BROADLINE,2.306062,0.002223986
7006248200150025925300060103,35.978401,-4.8041935,QSO,BROADLINE,2.465469,0.0006591522
7006237400150025925300060103,36.121325,-4.9688379,QSO,BROADLINE,1.4969512,0.00067228364
7006238600150025925300060103,36.121842,-4.8845679,STAR,F3/F5V (30743),-0.00020640015,1.5389434e-05
7006237600150025925300060103,36.202877,-4.9352823,QSO,BROADLINE,1.6533842,0.00068231975
7006237100150025925300060103,36.269963,-4.8964073,STAR,F2V (33256),0.00056358264,6.9249305e-05
7006246100150025925300060103,36.048143,-4.8131476,STAR,F3/F5V (30743),-0.00018193928,1.3333792e-05
7006246900150025925300060103,36.137253,-4.7950972,QSO,BROADLINE,2.2091618,0.0013199821
7006239500150025925300060103,36.158016,-4.8340666,QSO,BROADLINE,1.8723696,0.0012809429
7006278300150025925300060103,35.906335,-4.668395,QSO,BROADLINE,1.7509359,0.00144225
7006278700150025925300060103,35.981284,-4.6088569,GALAXY,,0.19067523,3.0577827e-05
7006288200150025925300060103,35.723401,-4.4914508,QSO,STARBURST BROADLINE,0.21528742,4.8538164e-05
7006291400150025925300060103,35.814127,-4.433365,GALAXY,,0.19014944,5.800292e-05
7006284300150025925300060103,35.967474,-4.508854,QSO,BROADLINE,2.0131958,0.00081641786
7006292000150025925300060103,35.919939,-4.3821004,QSO,BROADLINE,0.9608057,0.00031745885
7006249400150025925300060103,36.098432,-4.6852045,STAR,F3/F5V (30743),0.00031894594,9.242497e-06
7006281800150025925300060103,36.100735,-4.5416633,QSO,BROADLINE,1.6751609,0.0006932075
7006255700150025925300060103,36.20779,-4.5072066,QSO,,1.0239937,0.00037145984
7006282700150025925300060103,36.031847,-4.5034385,QSO,,1.9478135,-1.0
7006283800150025925300060103,36.162391,-4.4517559,QSO,STARBURST BROADLINE,0.25276905,6.544185e-05
7006481600150025925300060103,36.186326,-4.391831,GALAXY,,0.14839895,2.4036503e-05
7005836100150025925300060103,36.491895,-4.9558115,QSO,,1.0605274,0.00081066706
7006242500150025925300060103,36.309973,-4.7834167,QSO,BROADLINE,1.9315102,0.00055582344
7006243500150025925300060103,36.362067,-4.7556315,STAR,F3/F5V (30743),-0.00057689345,1.0531324e-05
7006243700150025925300060103,36.364665,-4.7094874,QSO,,0.8211138,0.00011684585
7006240700150025925300060103,36.470569,-4.8369138,QSO,BROADLINE,1.7710919,0.0010324714
7006440300150025925300060103,36.488589,-4.7167544,QSO,BROADLINE,2.0343814,0.0018844239
7006052700150025925300060103,36.692741,-4.8654273,QSO,,1.0920348,0.0010417072
7005825300150025925300060103,36.818843,-5.0023507,QSO,BROADLINE,1.6421895,0.0006496035
7006052600150025925300060103,36.789687,-4.8550896,GALAXY,STARBURST,0.1407702,1.1765032e-05
7006056300150025925300060103,36.749583,-4.7418386,QSO,BROADLINE,1.6112945,0.0012611818
7006054200150025925300060103,36.8041,-4.7767829,QSO,BROADLINE,0.98549086,0.00028420525
7006251300150025925300060103,36.313976,-4.6691849,QSO,BROADLINE,1.8462712,0.0017849356
7006444600150025925300060103,36.552709,-4.5670717,QSO,BROADLINE,2.3197112,0.00072247186
7006445700150025925300060103,36.574436,-4.5192043,QSO,BROADLINE,0.7070776,0.00013549902
7006453900150025925300060103,36.35786,-4.4871182,STAR,F3/F5V (30743),6.596949e-06,1.3183581e-05
7006454800150025925300060103,36.331193,-4.4527467,STAR,F3/F5V (30743),-0.0005454768,5.643252e-05
7006453200150025925300060103,36.431424,-4.4762831,QSO,BROADLINE,3.4114053,0.001767527
7006456100150025925300060103,36.376151,-4.3524462,STAR,F3/F5V (30743),0.0004931924,7.910183e-06
7006455800150025925300060103,36.40486,-4.3591528,QSO,BROADLINE,0.9218947,0.0002418255
7006456800150025925300060103,36.540153,-4.4105533,QSO,BROADLINE,2.727566,0.0012642688
7006456900150025925300060103,36.505336,-4.3809873,STAR,F3/F5V (30743),0.0001934402,8.077826e-06
7006459000150025925300060103,36.532383,-4.3119962,QSO,BROADLINE,0.495869,0.00010872096
7006442400150025925300060103,36.650326,-4.5747426,QSO,BROADLINE,2.8106582,-1.0
7006441200150025925300060103,36.711701,-4.6265908,GALAXY,,0.08274597,2.91983e-05
7006448400150025925300060103,36.70416,-4.4629455,QSO,STARBURST BROADLINE,0.32765356,6.930601e-05
7006450000150025925300060103,36.727783,-4.3630783,STAR,F3/F5V (30743),-0.00015519603,1.7080856e-05
7006414200150025925300060103,34.653246,-4.2637858,STAR,F3/F5V (30743),-7.622068e-05,1.1082319e-05
7006407800150025925300060103,34.769764,-4.2798937,QSO,BROADLINE,1.9798596,0.002034054
7006408100150025925300060103,34.802726,-4.1867683,QSO,BROADLINE,0.98630863,0.00065386033
7006417900150025925300060103,34.789756,-4.1407356,STAR,F3/F5V (30743),0.00039130298,8.242943e-06
7006411700150025925300060103,34.889927,-4.2210365,STAR,F3/F5V (30743),-0.00079049077,1.4919491e-05
7006411500150025925300060103,34.924668,-4.2259219,QSO,BROADLINE,2.0726552,0.0008420953
7006378100150025925300060103,35.033475,-4.3420827,STAR,F0IV (81937),-0.0008691822,1.3361881e-05
7006378500150025925300060103,35.102807,-4.2994201,STAR,F3/F5V (30743),0.00087087974,6.987288e-06
7006408300150025925300060103,34.992285,-4.2854985,QSO,BROADLINE,1.852167,0.00023729842
7006379700150025925300060103,35.105806,-4.2388098,GALAXY,,0.0,0.0
7006412000150025925300060103,34.853263,-4.1812339,STAR,F3/F5V (30743),0.00027271634,1.6455237e-05
7006419700150025925300060103,34.956134,-4.0518608,QSO,BROADLINE,1.315069,0.0006861742
7006408400150025925300060103,35.091745,-4.143671,QSO,,0.24262409,5.2828524e-05
7006420600150025925300060103,34.908672,-4.013825,QSO,,1.5154119,0.00028842405
7006433600150025925300060103,34.939694,-3.7816671,STAR,F0IV (81937),-0.0004967694,1.1355934e-05
11955214000150025925300060103,35.106679,-3.820731,QSO,,-0.0004314633,0.00026308914
7006379200150025925300060103,35.143673,-4.2510799,QSO,BROADLINE,1.8810719,0.0012530348
7006383400150025925300060103,35.386409,-4.3605113,STAR,F3/F5V (30743),-0.0006131397,1.4561975e-05
7006392700150025925300060103,35.295958,-4.2338857,QSO,BROADLINE,1.5352923,0.00072442833
7006392300150025925300060103,35.358739,-4.2806104,QSO,BROADLINE,1.7084404,0.0005330817
7006424500150025925300060103,35.135029,-4.0589701,QSO,BROADLINE,0.82215226,0.000115625124
7006396700150025925300060103,35.286868,-4.1221957,QSO,,1.88204,-6.0
7006396000150025925300060103,35.334739,-4.1262649,QSO,BROADLINE,1.6688359,0.00073629885
7006386800150025925300060103,35.475916,-4.249606,QSO,BROADLINE,2.448132,0.0006376618
7006394100150025925300060103,35.461058,-4.2062502,QSO,BROADLINE,1.5627966,0.0007840653
7006382100150025925300060103,35.569702,-4.2888646,QSO,BROADLINE,1.4320982,0.0006326661
7006388300150025925300060103,35.692685,-4.2474581,QSO,BROADLINE,0.6141542,9.729665e-05
7006390700150025925300060103,35.555522,-4.1750598,QSO,BROADLINE,1.9022963,0.0016801573
7006398200150025925300060103,35.518054,-4.0429116,QSO,BROADLINE,0.5145487,0.00017023754
7006399000150025925300060103,35.627918,-4.0573008,STAR,F3/F5V (30743),2.4210376e-06,9.867251e-06
7006399100150025925300060103,35.618376,-4.0314079,QSO,BROADLINE,0.5521778,0.00013472573
7006425100150025925300060103,35.286755,-3.9955696,QSO,BROADLINE,0.6875145,0.00011326276
7006429200150025925300060103,35.271559,-3.9336391,QSO,STARBURST BROADLINE,0.32578212,0.000115921044
7006427700150025925300060103,35.35395,-3.9610275,STAR,F0II (25291),-0.00034828988,6.52547e-05
7006428600150025925300060103,35.370736,-3.910715,QSO,,1.1296182,0.0008275652
7006401800150025925300060103,35.419495,-3.9737149,STAR,B3II (175156),-5.7581696e-05,8.256866e-05
7006627200150025925300060103,35.536065,-3.8061379,STAR,F0III (89025),-0.00046385117,5.409715e-05
7006637300150025925300060103,35.493066,-3.5779538,STAR,F3/F5V (30743),-0.00051946705,9.1896445e-06
7006294500150025925300060103,35.741595,-4.311314,GALAXY,BROADLINE,0.23806143,2.3377686e-05
7006294700150025925300060103,35.907666,-4.2868646,GALAXY,BROADLINE,0.14271066,4.5231835e-05
7006292700150025925300060103,35.966651,-4.3229671,STAR,F3/F5V (30743),0.00037365477,7.3941437e-06
7006293200150025925300060103,35.968966,-4.306041,QSO,BROADLINE,2.059184,0.0017315191
7006496000150025925300060103,35.952646,-4.2327506,QSO,,2.048614,0.002433901
7006597500150025925300060103,35.870396,-4.0263498,QSO,BROADLINE,1.9285872,0.0007850423
7006494300150025925300060103,36.117786,-4.1934138,STAR,A2II (39866),0.00011080358,9.098167e-06
7006483600150025925300060103,36.28092,-4.3099473,GALAXY,STARFORMING,0.10433788,1.5743733e-05
7006486900150025925300060103,36.21666,-4.2030424,QSO,BROADLINE,2.305775,0.0013326431
7006494800150025925300060103,36.181455,-4.1651482,QSO,BROADLINE,0.97061884,0.0002261842
7006492800150025925300060103,36.289841,-4.1439881,QSO,BROADLINE,1.5615263,0.001713163
7006599500150025925300060103,36.073582,-3.9941598,QSO,,1.9137088,0.0024485195
7006499000150025925300060103,36.213186,-4.0909981,QSO,BROADLINE,1.5998249,0.0015556337
7006598700150025925300060103,35.773953,-3.9696923,GALAXY,,0.0,0.0
7006599400150025925300060103,35.864566,-3.8991126,STAR,K0V (10780),-8.003363e-06,1.8983714e-05
7006632300150025925300060103,35.739829,-3.6755524,STAR,F3/F5V (30743),-0.00036919312,8.150179e-06
7006611900150025925300060103,35.81598,-3.6560448,STAR,F3/F5V (30743),0.00069932034,1.5013698e-05
7006501400150025925300060103,36.188935,-3.9193133,QSO,BROADLINE,0.6070072,0.00015729184
7006612800150025925300060103,36.243266,-3.7972536,STAR,F9IV (136064),-5.217312e-05,8.805277e-06
7006491200150025925300060103,36.33653,-4.2129848,QSO,BROADLINE,1.5613925,0.00071429124
7006489900150025925300060103,36.489171,-4.2277407,QSO,BROADLINE,0.6061215,0.00018751761
7006499400150025925300060103,36.319214,-4.0866809,QSO,,1.6349881,0.0018776857
7006512700150025925300060103,36.382902,-3.9789826,QSO,,2.6900613,0.0015611356
11769510900150025925300060103,36.552845,-4.055478,QSO,AGN BROADLINE,0.32972848,2.9141716e-05
7006505300150025925300060103,36.50013,-3.9984648,GALAXY,,0.46311638,0.00016591644
7006471600150025925300060103,36.683069,-4.274131,GALAXY,AGN,0.22878368,3.4251523e-05
7006514500150025925300060103,36.331246,-3.9122373,QSO,STARBURST BROADLINE,0.29908586,5.9834976e-05
7006516500150025925300060103,36.333446,-3.8222636,STAR,F3/F5V (30743),0.0005131847,1.2975097e-05
7006516300150025925300060103,36.415579,-3.8255479,QSO,,1.4757112,-4.0
7006513500150025925300060103,36.516482,-3.9056921,STAR,F9IV (136064),0.00010884187,9.5301375e-06
7006634400150025925300060103,35.733239,-3.5939543,STAR,F3/F5V (30743),0.00043514508,8.074712e-06
7005783300150025925300060103,37.08334,-5.4767635,STAR,B9 (105262),0.00076729304,5.749759e-05
7005793700150025925300060103,36.940639,-5.3198633,QSO,BROADLINE,2.8054883,0.0006413198
7005796200150025925300060103,36.921866,-5.2105223,QSO,BROADLINE,1.0487515,0.00034703457
7005794600150025925300060103,36.997296,-5.1970663,STAR,F6V (16673),0.00014465813,7.946056e-06
7005787100150025925300060103,37.11188,-5.2676708,STAR,F6V (16673),-6.773586e-06,6.6002617e-06
7006012900150025925300060103,37.090108,-5.165526,QSO,BROADLINE,1.804456,0.00043675303
7006043900150025925300060103,36.968892,-5.0246581,QSO,BROADLINE,2.2310343,0.0013202371
7006015200150025925300060103,37.056661,-5.0614988,STAR,F8V (30562),-9.672511e-06,7.532119e-06
7006015600150025925300060103,37.114875,-5.0398612,QSO,,2.6993864,0.0009844623
7006045300150025925300060103,37.078838,-4.926714,STAR,F8V (G_243-63),-0.00035768046,1.1550099e-05
7006050800150025925300060103,36.977583,-4.7598514,QSO,BROADLINE,3.7173707,-1.0
7006051800150025925300060103,37.038017,-4.7323308,STAR,F3/F5V (30743),0.00040479182,1.580679e-05
7006061200150025925300060103,36.930515,-4.5930957,STAR,F8V (30562),-4.0197734e-05,7.486872e-06
7006062100150025925300060103,36.871816,-4.5410611,QSO,BROADLINE,2.296556,0.0012040643
7006074600150025925300060103,36.999566,-4.4610492,STAR,F8V (G_243-63),-0.00035781905,6.2784704e-05
7006058600150025925300060103,37.042807,-4.6337291,STAR,F9IV (136064),6.401112e-05,8.861018e-06
7006461300150025925300060103,36.881499,-4.4460296,STAR,F3/F5V (30743),3.6690795e-05,1.2715373e-05
7006461400150025925300060103,36.962278,-4.4089372,STAR,F0IV (81937),0.0001362659,1.3782457e-05
12137103200150025925300060103,34.945715,-5.9236799,GALAXY,,0.5549149,0.00012434965
12141091500150025925300060103,35.029608,-5.8847619,QSO,BROADLINE,2.4135306,0.00087598484
12141093400150025925300060103,35.354084,-6.2932251,GALAXY,,0.37975675,8.274838e-05
11769729800150025925300060103,35.614697,-6.2160015,GALAXY,,0.43129736,0.00016281164
12141101400150025925300060103,35.585907,-6.1676301,GALAXY,,0.13604566,5.0428032e-05
12326740900150025925300060103,35.386454,-5.9120104,GALAXY,,0.044876244,2.5226434e-05
7005739400150025925300060103,35.640165,-5.8174293,QSO,BROADLINE,2.385774,0.0017870406
12326731400150025925300060103,35.841345,-6.262842,GALAXY,,0.47081017,8.229403e-05
11769699300150025925300060103,35.709507,-6.0268517,GALAXY,STARBURST,0.023210153,1.0769582e-05
12141070100150025925300060103,35.745435,-5.9661795,QSO,BROADLINE,0.7318871,0.000105893596
12326768100150025925300060103,35.793431,-5.8507234,QSO,BROADLINE,0.5078197,7.568186e-05
12326815700150025925300060103,36.204144,-6.0802568,QSO,,1.1946112,0.0011041219
12141156900150025925300060103,36.348708,-6.0983902,QSO,BROADLINE,1.3993126,0.00083653704
12141118400150025925300060103,36.528348,-5.8480236,GALAXY,,0.33852988,6.619462e-05
11955520100150025925300060103,36.642196,-5.8224503,GALAXY,STARBURST,0.33859733,1.4142688e-05
12322814400150025925300060103,34.662398,-5.5439865,QSO,,0.4707799,0.00012514213
12322815200150025925300060103,34.806822,-5.5175674,GALAXY,,0.46938416,0.00017368328
12137059300150025925300060103,34.853499,-5.8136593,GALAXY,STARBURST,0.08387557,1.7686192e-05
12137102200150025925300060103,34.936676,-5.7631037,GALAXY,,0.041196626,3.4738347e-05
11951503500150025925300060103,34.647448,-5.3510068,GALAXY,,0.6089324,0.00019712595
11951516800150025925300060103,34.791692,-5.4919286,QSO,,2.6790352,0.0008954286
11765791700150025925300060103,34.798134,-5.3835178,GALAXY,STARBURST,0.4296809,1.0266549e-05
11765762000150025925300060103,34.535691,-5.206798,QSO,,1.0391331,0.0009518464
11951524400150025925300060103,34.914629,-5.4774458,QSO,BROADLINE,1.4511317,0.0011577118
11955486400150025925300060103,35.364989,-5.7873619,QSO,,1.2348386,0.0015549548
11955503700150025925300060103,35.352974,-5.5508532,QSO,BROADLINE,2.513057,0.0018669412
7005740900150025925300060103,35.500031,-5.8021681,QSO,BROADLINE,2.281067,0.000701749
12326745100150025925300060103,35.6477,-5.7825386,QSO,BROADLINE,1.2599996,0.00082210207
11769734400150025925300060103,35.586168,-5.5417411,QSO,,0.6286777,6.23414e-05
11955503400150025925300060103,35.191322,-5.4047213,QSO,,0.25217247,1.49608595e-05
12141107100150025925300060103,35.427723,-5.3438368,QSO,,0.6225189,0.00030123212
12326772400150025925300060103,35.641438,-5.296313,GALAXY,,0.25849092,0.00012088242
11955506300150025925300060103,35.623452,-5.138394,GALAXY,AGN,0.15016285,2.9800003e-05
11765778300150025925300060103,34.846562,-5.1284865,QSO,,1.7832386,0.0015637089
11765512700150025925300060103,34.886078,-4.7849914,GALAXY,STARBURST,0.3037496,1.1459807e-05
12322575300150025925300060103,34.622864,-4.5580622,GALAXY,,0.39418322,4.5450324e-05
12322553800150025925300060103,34.844407,-4.6827377,QSO,BROADLINE,1.0320233,0.0007730644
11951262200150025925300060103,34.963556,-4.5712246,QSO,BROADLINE,1.9071317,0.0018211268
11955511600150025925300060103,35.112677,-5.0672346,QSO,BROADLINE,3.463878,0.0068190475
11769707200150025925300060103,35.661491,-5.0644542,QSO,BROADLINE,0.9088047,0.00031055816
11769481800150025925300060103,35.238098,-4.4625881,GALAXY,,0.1627001,1.278798e-05
11769728600150025925300060103,35.751216,-5.763167,QSO,BROADLINE,2.3154414,0.0011521232
12326734800150025925300060103,35.830962,-5.4515185,GALAXY,,0.18340768,4.4260516e-05
11769765800150025925300060103,36.149207,-5.6126454,QSO,,0.29887387,0.00010289148
12326792800150025925300060103,36.180036,-5.526878,GALAXY,,0.62170243,0.00014772856
12326793500150025925300060103,36.267283,-5.4714728,GALAXY,,0.2952629,0.00035934942
11955505300150025925300060103,35.959725,-5.2197304,QSO,,1.6677322,0.0007277529
11955504900150025925300060103,35.890689,-5.1396561,GALAXY,STARBURST,0.39716154,2.7206193e-05
12326803800150025925300060103,36.280814,-5.2611749,GALAXY,,0.44452253,0.00021004069
12141143300150025925300060103,36.24068,-5.2309485,GALAXY,STARBURST,0.053780332,1.5834628e-05
11769731900150025925300060103,36.076687,-5.1763843,QSO,AGN,0.38466495,9.261609e-05
11955540600150025925300060103,36.161113,-5.1962799,QSO,,0.76475036,0.0002635789
12326793600150025925300060103,36.326401,-5.6062679,GALAXY,,0.19394413,7.161052e-05
12326784500150025925300060103,36.474122,-5.719493,QSO,,0.8585113,0.0008000325
11955520700150025925300060103,36.510233,-5.6078525,QSO,BROADLINE,0.65700793,0.0003804584
11769760200150025925300060103,36.676291,-5.4107889,QSO,BROADLINE,0.675055,0.00027978187
12326800100150025925300060103,36.801734,-5.5196403,GALAXY,STARFORMING,0.31641695,6.276183e-05
7005789400150025925300060103,36.858846,-5.3613235,QSO,BROADLINE,0.7833709,0.00021476112
12141144000150025925300060103,36.335381,-5.3649455,GALAXY,STARBURST,0.3301192,1.3021769e-05
12141146100150025925300060103,36.358494,-5.2130731,GALAXY,STARFORMING,0.34376946,4.102107e-05
12141162300150025925300060103,36.510692,-5.0267477,GALAXY,,0.29100755,8.76336e-05
7006214900150025925300060103,35.860258,-4.9517106,QSO,BROADLINE,0.8241654,0.00027345942
11769458900150025925300060103,35.913722,-4.8945671,QSO,BROADLINE,4.192255,0.0022688995
12326499600150025925300060103,35.974467,-4.918945,QSO,,0.995524,0.00033384896
11955253100150025925300060103,35.772183,-4.812444,QSO,,1.7718397,0.002314494
11955321300150025925300060103,36.190669,-4.8786171,GALAXY,,0.6167931,0.00013550607
12326474500150025925300060103,35.956944,-4.6234866,QSO,BROADLINE,1.8241407,0.00044917385
11955196300150025925300060103,35.94602,-4.5633625,QSO,,0.48976088,0.0002022554
7006288100150025925300060103,35.805899,-4.5206855,GALAXY,STARBURST,0.017374935,6.0582865e-06
12326584000150025925300060103,36.151948,-4.4230036,GALAXY,,0.4448624,0.00011694237
7005830800150025925300060103,36.401281,-5.0021544,GALAXY,STARBURST,0.053789,5.73464e-06
12140909700150025925300060103,36.40651,-4.9112346,GALAXY,STARBURST,0.21036297,1.1672695e-05
12326548000150025925300060103,36.423521,-4.5715182,QSO,,0.61182004,0.00031461677
11769507900150025925300060103,36.483495,-4.5391071,QSO,BROADLINE,1.6885285,0.005923691
11955274600150025925300060103,36.425119,-4.4114063,QSO,BROADLINE,0.5829167,9.98345e-05
11769504400150025925300060103,36.603944,-4.3671168,GALAXY,STARFORMING,0.22911604,2.8056022e-05
11765540400150025925300060103,34.923704,-4.3903512,QSO,BROADLINE,1.8185483,0.0023469923
11951268000150025925300060103,34.862921,-4.3064918,QSO,,0.7472956,8.2483486e-05
12136865700150025925300060103,34.87044,-4.116705,QSO,,0.7826874,0.00014346546
12326473600150025925300060103,35.242294,-4.2595246,GALAXY,,0.4885089,8.678638e-05
12326529900150025925300060103,35.384406,-4.0168545,QSO,BROADLINE,2.089704,0.0028934036
12326485900150025925300060103,35.557286,-4.3560762,QSO,,1.1517321,0.00047256396
12326490500150025925300060103,35.14453,-3.8346115,GALAXY,,0.16379608,2.3621558e-05
7006434100150025925300060103,35.202676,-3.8309913,QSO,AGN,0.2908225,2.1957194e-05
12140836900150025925300060103,35.683565,-3.9572079,QSO,,0.5609995,7.7469915e-05
11769480600150025925300060103,35.743652,-4.111599,GALAXY,,0.28825364,0.00014635004
7006596400150025925300060103,35.817103,-4.084477,QSO,BROADLINE,2.0189872,0.0014796297
11955256100150025925300060103,35.834793,-3.9872202,QSO,,0.7390743,0.00026287333
11769528600150025925300060103,36.113885,-4.0956851,QSO,,0.78977185,0.00026979053
11955297000150025925300060103,36.051648,-4.0328351,GALAXY,,0.43019286,0.00022041201
12326568700150025925300060103,36.251403,-4.010575,QSO,,1.4942418,0.0009166928
12326528300150025925300060103,35.999532,-3.9634043,QSO,,1.8570441,0.002941745
11955301100150025925300060103,36.185698,-3.8055588,QSO,,1.4631791,0.0016297973
12140865900150025925300060103,36.554403,-4.1243329,QSO,AGN,0.29260483,2.0903006e-05
11955516600150025925300060103,36.906842,-5.332768,GALAXY,,0.21247917,0.00020721777
11955535500150025925300060103,36.977009,-5.1163999,GALAXY,,0.0,0.0
12141135700150025925300060103,37.009578,-5.02182,GALAXY,STARFORMING,0.044529047,2.2899487e-05
11955287100150025925300060103,36.983869,-4.9099186,QSO,BROADLINE,1.7145866,0.0012209364
11769521600150025925300060103,37.052793,-4.9541532,QSO,BROADLINE,1.2984072,0.0010104771
11769531800150025925300060103,36.882856,-4.6277214,GALAXY,STARBURST,0.07212003,1.5727763e-05
1852736800150025925300060103,35.366403,-4.413581,GALAXY,STARBURST,0.0077171503,8.138774e-06
408595600150025925300060103,36.193829,-4.779437,GALAXY,,0.03238909,9.161783e-05
5094107200150025925300060103,34.859619,-6.1514773,QSO,,-0.0011815144,0.00056113047
5094421000150025925300060103,36.975861,-5.2997669,GALAXY,,0.17879955,7.5177486e-05
5094438900150025925300060103,36.577606,-5.1897318,QSO,,1.352745,0.0042914744
5094559500150025925300060103,36.99234,-5.0305658,QSO,,1.1777579,0.003895131
5094778400150025925300060103,34.874725,-4.6328185,QSO,,0.05525472,0.00015729746
5094827800150025925300060103,35.297699,-4.0740063,QSO,,1.2309796,0.0006351438
5094834700150025925300060103,34.963989,-4.2598416,STAR,K3Ib... (17506),0.003106676,0.022246547
,34.510551,-4.8790998,QSO,,1.9920752,0.0028685024
,34.518736,-4.9959562,QSO,,0.58358383,0.00049292715
,34.629829,-5.3109849,QSO,,0.12818156,4.5655775e-05
,34.653784,-5.3803827,QSO,,0.3203631,8.781096e-05
,34.824833,-4.6208372,QSO,,0.0058119423,0.0010361196
,34.8434,-5.9722266,QSO,,0.0042016604,0.00013453826
,34.963889,-4.1103152,QSO,,0.000544893,0.00024028131
,35.076112,-5.0917211,QSO,,0.06692765,0.0005695194
,35.088121,-5.3434278,GALAXY,,0.18000707,7.761027e-05
,35.164381,-4.5449568,QSO,,1.3796575,0.0018305398
,35.170576,-4.8272334,QSO,,0.0014540086,0.00023908046
,35.220178,-6.0097711,GALAXY,,0.04685767,6.816207e-05
,35.235988,-5.7095366,QSO,,1.5156307,0.0023944343
,35.299331,-3.8134855,GALAXY,,0.9866464,0.00023719374
,35.441771,-5.505269,GALAXY,,0.6741716,-1.0
,35.470934,-5.2237085,STAR,A1Iae (12953),0.0026303567,0.00012971139
,35.522272,-6.3882497,QSO,,-0.0036774124,-1.0
,35.52822,-6.2567484,STAR,A4 (G_165-39),-0.0026250407,0.00017861143
,35.560463,-4.821766,STAR,O9.5Iae (30614),0.0034579712,0.00014692183
,35.569916,-4.5964147,QSO,,4.775603,0.00045559244
,35.692902,-4.0019519,GALAXY,,0.9644186,0.00041016022
,35.716272,-3.8265745,QSO,,0.0019423629,0.000177956
,35.760288,-5.0072131,QSO,,0.17895989,0.00013951976
,35.783786,-5.3670644,GALAXY,,0.0,0.0
,35.824272,-5.8483095,QSO,,-0.0019928247,0.00065636536
,35.857343,-5.8224531,QSO,,0.032541923,0.00019265912
,35.986458,-4.8446855,GALAXY,,0.31224424,4.8341015e-05
,35.99102,-4.4723,QSO,,0.004504071,0.0002627881
,36.074749,-4.2655327,GALAXY,,0.916958,0.00033629194
,36.116986,-4.0750499,QSO,,0.8766153,9.2403396e-05
,36.174384,-5.5482751,QSO,,0.7368314,0.00010449183
,36.182597,-5.432065,STAR,CV,-0.0010261056,0.8574571
,36.200895,-5.2879367,QSO,,0.0069228048,0.00063374796
,36.218222,-5.7714477,QSO,,0.19155797,0.00012088066
,36.313974,-4.848093,QSO,,-0.0014588328,0.00075229915
,36.361936,-4.0970635,GALAXY,,0.111340195,0.03251135
,36.400081,-4.4386302,GALAXY,,0.7522437,0.0002937131
,36.421833,-4.2608558,STAR,B0.5Iae (185859),-0.0027656658,0.00018211085
,36.564139,-4.9718086,QSO,,1.9607701,0.0047859955
,36.579637,-5.7085625,STAR,B6IIIpe (109387),-0.0018592126,0.00020301645
,36.604153,-5.5334713,STAR,CV,-0.000346756,1.5130655e-05
,36.764687,-4.7186906,QSO,,0.008943307,0.00083571253
,36.820448,-4.5754483,QSO,,0.2664188,0.00021213466
5757081500150235925300060103,120.11566,31.849371,QSO,BROADLINE,0.80955464,0.00014984621
5757078900150235925300060103,120.13667,31.807389,STAR,F3/F5V (30743),0.0002262145,1.0860869e-05
5757077900150235925300060103,120.21635,31.736607,STAR,F3/F5V (30743),2.6121632e-05,7.2875537e-06
5757074100150235925300060103,120.31725,31.786246,STAR,F3/F5V (30743),-0.00022848636,1.0731434e-05
5757070500150235925300060103,120.44957,31.650431,GALAXY,,0.0,0.0
5757037400150235925300060103,120.52732,31.624631,GALAXY,,0.0,0.0
5757071300150235925300060103,120.52291,31.755111,STAR,F8V (30562),0.00010225535,8.686304e-06
5757038200150235925300060103,120.55444,31.673413,STAR,F3/F5V (30743),0.00014255727,9.010968e-06
5757037300150235925300060103,120.59991,31.649943,QSO,BROADLINE,1.241153,0.00014226497
5757025800150235925300060103,120.75533,31.476145,QSO,BROADLINE,1.561683,0.0002842835
5757091100150235925300060103,120.8486,31.516633,STAR,G0Va (143761),0.00016345768,1.34400925e-05
5756955500150235925300060103,120.99565,31.436196,QSO,BROADLINE,1.0082449,0.00033535494
5757088100150235925300060103,120.9946,31.479664,QSO,BROADLINE,1.012372,0.00025023957
5757099500150235925300060103,120.79189,31.639289,STAR,WDhotter,2.7345359e-05,2.5450952e-05
5757092200150235925300060103,120.8831,31.621467,QSO,BROADLINE,1.9770614,0.0007418194
5756954100150235925300060103,121.03792,31.393367,STAR,M4.5:III (123657),-6.565134e-05,4.4425502e-05
5756955400150235925300060103,121.04899,31.44185,STAR,WDhotter,0.00013429185,0.0001091634
5756956400150235925300060103,121.13093,31.442636,QSO,BROADLINE,2.260717,0.0010968652
5756958200150235925300060103,121.14692,31.523799,STAR,WDhotter,0.00012061814,4.1838994e-05
5757089600150235925300060103,121.06408,31.558953,QSO,,1.2531028,0.0014532885
5756959800150235925300060103,121.28895,31.483721,STAR,F3/F5V (30743),-9.6603355e-05,1.3680246e-05
5756962100150235925300060103,121.26352,31.542983,STAR,WDhotter,-7.3320996e-05,4.0350067e-05
5756959500150235925300060103,121.32124,31.503072,QSO,BROADLINE,0.82978433,0.00011354315
5756914100150235925300060103,121.63639,31.380603,QSO,BROADLINE,2.2231805,0.0013489774
5756965900150235925300060103,121.60723,31.469731,QSO,BROADLINE,2.2867765,0.0010802366
5759655100150235925300060103,119.95644,32.006634,QSO,BROADLINE,0.1885442,3.6081725e-05
5759706400150235925300060103,119.69555,32.423032,QSO,,0.00023023055,-1.0
5759670400150235925300060103,119.89561,32.362011,QSO,BROADLINE,0.26896355,5.679391e-05
5757085200150235925300060103,120.19904,31.881724,QSO,BROADLINE,1.7333854,0.0015009574
5757085100150235925300060103,120.14766,31.908543,QSO,BROADLINE,2.4967675,0.0013004935
5757085900150235925300060103,120.14164,31.947833,QSO,BROADLINE,0.7040289,7.589997e-05
5757083700150235925300060103,120.23568,31.90922,STAR,F3/F5V (30743),-0.00020253379,1.4311086e-05
5757084000150235925300060103,120.27656,31.912282,QSO,BROADLINE,1.9674846,0.0010524713
5759657600150235925300060103,120.04547,32.072789,QSO,BROADLINE,0.70305794,0.00013120376
5757086700150235925300060103,120.27434,31.971922,QSO,BROADLINE,1.9726859,0.0014053946
5757087100150235925300060103,120.26342,32.000581,QSO,BROADLINE,2.4447103,0.001453347
5757075200150235925300060103,120.41641,31.891621,QSO,BROADLINE,1.6676147,0.00028788482
5757136600150235925300060103,120.48166,31.850797,STAR,WDhotter,0.00011465974,8.847865e-05
5759739500150235925300060103,120.05788,32.314873,STAR,F3/F5V (30743),0.0008824209,7.803576e-06
5759728700150235925300060103,120.16725,32.300045,STAR,F3/F5V (30743),2.0138239e-05,1.5472877e-05
5759731600150235925300060103,120.1851,32.387554,QSO,BROADLINE,1.670839,0.00072593434
5759729900150235925300060103,120.26463,32.320108,STAR,F3/F5V (30743),0.00010924905,8.254861e-06
5757146700150235925300060103,120.47777,32.094759,STAR,F3/F5V (30743),-0.00023338188,6.0427033e-06
5757143200150235925300060103,120.69913,32.124605,QSO,BROADLINE,3.2846074,0.0015681661
5759732500150235925300060103,120.43465,32.303022,QSO,BROADLINE,2.0515296,0.00061855186
5759733000150235925300060103,120.45405,32.333258,QSO,BROADLINE,1.5819397,0.00038444856
5757151300150235925300060103,120.61291,32.219116,STAR,F9IV (136064),2.3722583e-05,7.706131e-06
5757150300150235925300060103,120.62943,32.170967,STAR,F6V (16673),-1.9504994e-05,7.582816e-06
5759718000150235925300060103,119.6749,32.617446,QSO,BROADLINE,0.5583511,9.500684e-05
5759782700150235925300060103,119.67062,32.666509,QSO,BROADLINE,1.0147659,0.00021900987
5759786800150235925300060103,119.65601,32.779184,STAR,G8V (101501),-0.0004275753,8.755281e-06
5759711300150235925300060103,119.71135,32.602744,QSO,BROADLINE,1.5332636,0.00070648204
5759772400150235925300060103,119.8582,32.562053,STAR,K5 (G_19-24),0.0003412009,1.1869935e-05
5759787500150235925300060103,119.61994,32.878653,STAR,M5III (221615),2.7461727e-05,1.7764147e-05
5759916300150235925300060103,119.68204,32.989626,QSO,,1.5128084,0.0012672797
5759784900150235925300060103,119.83944,32.826226,QSO,BROADLINE,1.6009443,0.0010570498
5759788400150235925300060103,119.72551,32.880406,QSO,,1.8532989,0.00049425557
5759793800150235925300060103,119.90606,33.02613,QSO,BROADLINE,0.42038643,0.00010458042
5759792000150235925300060103,119.94301,32.997352,QSO,,0.7760834,0.00017460888
5759791500150235925300060103,120.02573,32.960552,STAR,WDhotter,0.00024268107,3.2039305e-05
5759748600150235925300060103,120.14559,32.599513,QSO,BROADLINE,2.3302877,0.0013491076
5759777400150235925300060103,120.0366,32.654027,QSO,BROADLINE,1.25608,0.0011533614
5759733200150235925300060103,120.42171,32.3469,QSO,BROADLINE,2.1724908,0.001755184
5759685500150235925300060103,120.4211,32.372747,QSO,BROADLINE,2.2431183,0.001357074
5759733300150235925300060103,120.46987,32.373913,STAR,F0IV (81937),0.0008781619,9.928885e-06
5759752400150235925300060103,120.51552,32.555711,STAR,WDhotter,0.00010169867,4.4466047e-05
5759762600150235925300060103,120.33637,32.696545,QSO,,1.4192486,0.00042298535
5759781900150235925300060103,120.05842,32.944764,STAR,F3/F5V (30743),0.00015520418,5.8154837e-06
5759795300150235925300060103,120.18579,32.924676,QSO,BROADLINE,3.0582297,0.0015642788
5759794800150235925300060103,120.20764,32.84997,STAR,F3/F5V (30743),-8.739452e-05,6.480311e-06
5759795100150235925300060103,120.20496,32.907115,STAR,F6V (16673),-3.5843965e-05,2.8109156e-05
5759762800150235925300060103,120.39319,32.735118,QSO,BROADLINE,1.734678,0.0010673167
5759751100150235925300060103,120.69735,32.592285,QSO,BROADLINE,2.1613278,0.0011110558
5759759400150235925300060103,120.59295,32.798976,QSO,BROADLINE,3.8741624,-1.0
5759765200150235925300060103,120.58664,32.823245,QSO,BROADLINE,1.7759483,0.0005863154
5757139600150235925300060103,120.75247,31.979596,QSO,BROADLINE,1.955604,0.0009477322
5757107600150235925300060103,120.93448,31.801678,STAR,F0IV (81937),-0.0001574479,1.2154465e-05
5757110600150235925300060103,120.8855,31.905498,STAR,WDhotter,5.725746e-05,2.871276e-05
5757095100150235925300060103,121.14588,31.719852,QSO,BROADLINE,2.1316962,0.00073785125
5756963800150235925300060103,121.23806,31.638365,STAR,K5 (G_19-24),0.00010386232,1.3124145e-05
5756964600150235925300060103,121.26514,31.703197,QSO,BROADLINE,1.0385548,0.00019649445
5757098100150235925300060103,121.04674,31.814708,STAR,WDcooler,0.00011849316,0.0001026228
5757139900150235925300060103,120.79788,31.993399,STAR,M6III (148783),-0.0002466052,5.0161845e-05
5757140000150235925300060103,120.82567,31.991585,QSO,BROADLINE,1.59189,0.00092055736
5757127400150235925300060103,120.99641,32.084239,QSO,BROADLINE,0.49745026,8.589722e-05
5757109700150235925300060103,121.04069,31.948991,QSO,BROADLINE,1.0484854,0.0001501371
5757109900150235925300060103,121.04309,31.979466,STAR,M3III (44478),-8.452581e-06,1.4710447e-05
5757123800150235925300060103,121.16478,31.969281,QSO,BROADLINE,0.37487677,6.264541e-05
5757115000150235925300060103,121.27666,31.904653,STAR,M5III (221615),-0.00045630388,4.7621223e-05
5757124500150235925300060103,121.1578,32.025168,STAR,Carbon,0.00046083968,1.8153998e-05
5756976300150235925300060103,121.51069,31.612782,STAR,F3/F5V (30743),2.126333e-05,8.400954e-06
5756966200150235925300060103,121.59774,31.512812,STAR,F8V (G_243-63),-0.0037961241,1.8727227e-05
5756965500150235925300060103,121.68002,31.473198,QSO,BROADLINE,3.6079226,0.0012275258
5756969500150235925300060103,121.54629,31.570752,QSO,BROADLINE,1.2648102,0.00036917662
5756977700150235925300060103,121.42918,31.691772,QSO,,1.0872693,0.00058795186
5756976500150235925300060103,121.53211,31.636768,QSO,BROADLINE,1.21876,0.00048372804
5756970100150235925300060103,121.60319,31.657479,STAR,F3/F5V (30743),0.00012526245,7.3118554e-06
5756967800150235925300060103,121.76966,31.598239,QSO,BROADLINE,1.4449375,0.00029565833
5757114100150235925300060103,121.37909,31.879841,STAR,WDhotter,-0.00012163758,5.4836517e-05
5756987900150235925300060103,121.51021,31.908692,STAR,WDhotter,-6.3405336e-05,2.0619556e-05
5757118100150235925300060103,121.48159,31.94236,QSO,BROADLINE,2.5667315,0.001028018
5756984900150235925300060103,121.63579,31.882769,STAR,F3/F5V (30743),0.0007412654,9.694946e-06
5756974200150235925300060103,121.69754,31.738906,STAR,WDhotter,4.444481e-05,7.00915e-05
5756974300150235925300060103,121.73105,31.744439,STAR,F3/F5V (30743),0.00014445359,9.581492e-06
5756972900150235925300060103,121.83584,31.73764,STAR,WDcooler,0.00012778572,6.307028e-05
5756972500150235925300060103,121.86241,31.714395,STAR,F3/F5V (30743),-0.00014225557,1.0652703e-05
5756975000150235925300060103,121.82819,31.856234,QSO,BROADLINE,1.30535,0.00021963862
5756975200150235925300060103,121.84464,31.874694,QSO,BROADLINE,2.580766,0.0008710306
5780043700150235925300060103,121.92434,31.855822,QSO,BROADLINE,0.7846246,0.00025007915
5757158100150235925300060103,120.88503,32.234488,QSO,BROADLINE,2.9207397,0.004568029
5757157800150235925300060103,120.97128,32.233396,STAR,WDcooler,1.5747597e-05,4.4848755e-05
5757162000150235925300060103,121.02832,32.40321,STAR,F2V (33256),0.00015946265,1.485176e-05
5757158000150235925300060103,121.04902,32.32622,QSO,,2.7370198,0.0019367003
5759751300150235925300060103,120.72413,32.594761,STAR,WDhotter,9.914947e-05,6.3038795e-05
5759757400150235925300060103,120.84868,32.772415,STAR,M5III (221615),-0.00044332986,1.728829e-05
5757161700150235925300060103,121.19827,32.466694,QSO,BROADLINE,1.250654,0.0002665293
5780164700150235925300060103,121.57891,32.229561,QSO,BROADLINE,0.46963465,9.233428e-05
5780055400150235925300060103,121.73247,32.058099,STAR,WDhotter,0.000109863744,4.7541886e-05
5780047300150235925300060103,121.95998,32.052737,QSO,BROADLINE,1.9893808,0.0007025353
5780056200150235925300060103,121.82401,32.119828,QSO,BROADLINE,0.3515241,0.00011777651
5780163100150235925300060103,121.72668,32.207668,QSO,BROADLINE,2.182642,0.0010338152
5780167100150235925300060103,121.60518,32.393423,QSO,,2.8494616,-1.0
5780175400150235925300060103,121.42962,32.486691,STAR,F3/F5V (30743),-0.00053451105,8.314714e-06
5780175700150235925300060103,121.41162,32.560582,STAR,WDmagnetic,0.0015010212,1.2266229e-05
5780173900150235925300060103,121.58337,32.496591,QSO,BROADLINE,1.1630514,0.00042831953
5780174000150235925300060103,121.56272,32.515763,QSO,BROADLINE,3.0004544,0.0021522897
5780060300150235925300060103,121.95239,32.248868,STAR,CalciumWD,0.0002659602,0.000113263864
5780168700150235925300060103,121.83876,32.416589,STAR,F3/F5V (30743),0.0007762047,9.5680825e-06
5756930500150235925300060103,122.06998,31.537578,QSO,BROADLINE,2.5109584,0.0022229573
5780013400150235925300060103,122.10833,31.69037,QSO,BROADLINE,0.834041,0.00016433535
5780012500150235925300060103,122.23688,31.770974,STAR,K1IVa (142091),-0.0025272414,0.00013900393
5780012600150235925300060103,122.24926,31.756186,QSO,BROADLINE,1.1103523,0.00047236896
5780011700150235925300060103,122.30606,31.755268,QSO,BROADLINE,3.123823,-1.0
5780008400150235925300060103,122.35742,31.726177,STAR,WDhotter,0.00015784138,5.284234e-05
5780044200150235925300060103,122.0773,31.978694,QSO,BROADLINE,1.1186844,0.000338146
5780049800150235925300060103,122.07593,32.055856,QSO,BROADLINE,0.8463274,0.000101495476
5780019200150235925300060103,122.39803,31.925154,STAR,F8V (30562),3.2116215e-05,8.682534e-06
5780024700150235925300060103,122.60275,31.834694,QSO,BROADLINE,0.57894355,7.327152e-05
5780031700150235925300060103,122.50542,31.93537,STAR,WDhotter,3.21686e-05,9.977627e-05
5780033000150235925300060103,122.59629,32.015733,STAR,F0IV (81937),0.0005801347,1.558377e-05
5780063300150235925300060103,122.31622,32.178238,QSO,BROADLINE,0.9175247,0.00016432328
5780061700150235925300060103,122.03439,32.372913,STAR,WDcooler,-0.00040476586,9.259939e-05
5780074600150235925300060103,122.15242,32.345304,QSO,BROADLINE,2.2053359,0.0011529279
5780035700150235925300060103,122.36098,32.09465,QSO,BROADLINE,0.7949405,0.0001624798
5780062500150235925300060103,122.33701,32.126278,QSO,BROADLINE,1.0901123,0.00032134826
5780034800150235925300060103,122.50799,32.092427,STAR,F0IV (81937),0.0006704241,7.71886e-06
5780033900150235925300060103,122.54827,32.083102,QSO,BROADLINE,0.7326237,4.898315e-05
5780029800150235925300060103,122.73012,32.069174,STAR,K5 (G_19-24),2.9275589e-05,2.416473e-05
3505414400150235925300060103,122.81979,32.159782,QSO,BROADLINE,0.15329078,8.0904676e-05
5759922300150235925300060103,119.64772,33.152743,QSO,BROADLINE,2.3130524,0.0015664835
5759920500150235925300060103,119.73007,33.097402,STAR,WDcooler,4.806146e-05,3.3272685e-05
5759804100150235925300060103,120.00432,33.093768,QSO,BROADLINE,1.9030626,0.0007254604
5759923300150235925300060103,119.73754,33.24472,QSO,BROADLINE,1.84463,0.00078443455
5759806500150235925300060103,119.94024,33.170706,QSO,,3.8588893,0.003002389
5759934300150235925300060103,119.93072,33.2899,QSO,BROADLINE,0.93694425,0.00026348565
5759936300150235925300060103,119.87963,33.356206,QSO,BROADLINE,1.3034557,0.00032759874
5759803500150235925300060103,120.06841,33.004172,QSO,BROADLINE,1.0518392,0.00047828464
5759797900150235925300060103,120.13899,33.001692,QSO,BROADLINE,1.4555194,0.00035603333
5759797000150235925300060103,120.36079,33.019699,QSO,,1.1393757,0.00085649913
5759805900150235925300060103,120.0413,33.151109,STAR,F3/F5V (30743),-0.0002616186,7.987946e-06
5759805200150235925300060103,120.11043,33.153457,GALAXY,,0.8669768,9.029772e-05
5759765100150235925300060103,120.37448,32.933354,QSO,BROADLINE,0.78326374,0.00023783844
5759768300150235925300060103,120.48239,32.942195,QSO,BROADLINE,1.7504467,0.0013434612
5759768000150235925300060103,120.50574,32.933688,QSO,BROADLINE,1.2951517,0.00041478407
5759768100150235925300060103,120.51845,32.949376,QSO,BROADLINE,1.1991953,0.0004895686
5759769600150235925300060103,120.62261,33.030827,STAR,F3/F5V (30743),-0.00015190935,1.4140122e-05
5759808600150235925300060103,120.21916,33.292257,QSO,BROADLINE,1.3035734,0.0009881221
5759938400150235925300060103,120.14228,33.468187,QSO,BROADLINE,2.3223338,0.002115003
5782017500150235925300060103,120.3643,33.433734,STAR,F3/F5V (30743),-0.0004354801,6.4854344e-06
5759803100150235925300060103,120.38048,33.249723,STAR,WDmagnetic,0.0036178129,0.0001240981
5759802700150235925300060103,120.46302,33.246001,QSO,BROADLINE,1.6627915,0.0009929974
5759770300150235925300060103,120.58635,33.125247,QSO,STARBURST BROADLINE,0.16375697,3.6115805e-05
5782008300150235925300060103,120.62302,33.295716,STAR,A2II (39866),0.0005999871,1.0222191e-05
5782010100150235925300060103,120.57349,33.363573,QSO,BROADLINE,1.562129,0.00046725868
5782010500150235925300060103,120.57655,33.385804,QSO,BROADLINE,0.6755756,0.00020481927
5782008600150235925300060103,120.6332,33.332281,STAR,F3/F5V (30743),-0.00035026175,7.475693e-06
5759946600150235925300060103,119.9285,33.579416,QSO,BROADLINE,1.9750893,-1.0
5759940700150235925300060103,120.02838,33.543878,QSO,BROADLINE,1.1604915,0.00024534488
5759948400150235925300060103,119.98845,33.677093,STAR,F2III (89254),0.00036745108,1.0197382e-05
5782019300150235925300060103,120.32387,33.492904,QSO,BROADLINE,1.5562302,0.001199153
5782020300150235925300060103,120.32468,33.569997,QSO,BROADLINE,1.600263,0.00040148397
5782130000150235925300060103,120.26858,33.650788,QSO,,1.113163,0.000701276
5782020400150235925300060103,120.41154,33.522693,STAR,CV,0.000114694616,2.8203134e-05
5782011400150235925300060103,120.6114,33.48204,GALAXY,STARFORMING,0.14586681,1.4680666e-05
5782020500150235925300060103,120.43497,33.570334,STAR,K3V (32147),0.00011117811,1.1760079e-05
5782022400150235925300060103,120.61185,33.626913,QSO,BROADLINE,1.5899016,0.0005915315
5782022300150235925300060103,120.69493,33.626463,QSO,BROADLINE,0.91715014,0.00042950522
5782139500150235925300060103,120.09111,33.861921,QSO,,2.5065105,0.00035724332
5782139100150235925300060103,120.20929,33.859472,QSO,BROADLINE,0.67862386,0.00012257401
5782139900150235925300060103,120.17358,33.924956,QSO,BROADLINE,2.4878376,0.00092079665
5782142400150235925300060103,120.30076,33.96734,STAR,F3/F5V (30743),0.00052651786,1.0327798e-05
5782023500150235925300060103,120.62304,33.691519,QSO,BROADLINE,2.1564221,0.0005779176
5782026000150235925300060103,120.64483,33.754448,STAR,F3/F5V (30743),0.00067086396,7.8823805e-06
5781971300150235925300060103,120.83069,33.004737,QSO,STARBURST BROADLINE,0.37740314,3.685779e-05
5781970800150235925300060103,120.88258,32.986492,STAR,K5 (G_19-24),-6.223582e-05,8.269814e-06
5781912500150235925300060103,120.93675,32.9973,STAR,G4V (32923),0.00010149365,7.6288525e-06
5781969200150235925300060103,120.96902,33.006772,QSO,BROADLINE,1.17638,0.00040618627
5780227000150235925300060103,121.18022,32.924247,QSO,BROADLINE,0.7020563,0.00028852306
5780223900150235925300060103,121.27936,32.848018,STAR,F3/F5V (30743),0.0010995285,1.1668974e-05
3500985900150235925300060103,120.80531,33.132374,GALAXY,BROADLINE,0.01769483,7.3545984e-06
5781976200150235925300060103,120.97397,33.122535,STAR,F3/F5V (30743),-0.00043242247,5.9692798e-06
5780227400150235925300060103,121.22457,32.990242,QSO,BROADLINE,2.4565413,0.0019918035
5780225300150235925300060103,121.28429,32.956929,STAR,K5 (G_19-24),-8.860644e-05,8.006937e-06
5780228200150235925300060103,121.20385,33.056956,STAR,F3/F5V (30743),0.0004316783,1.0585281e-05
5780179000150235925300060103,121.50345,32.609395,QSO,BROADLINE,1.1648949,0.00029505495
5780212600150235925300060103,121.44929,32.736888,QSO,STARBURST BROADLINE,0.4599032,8.074526e-05
5780212200150235925300060103,121.48085,32.723192,QSO,BROADLINE,0.431446,0.00015595913
5780178600150235925300060103,121.53947,32.597124,QSO,BROADLINE,1.0082082,0.00015157528
5780215000150235925300060103,121.36593,32.780371,QSO,BROADLINE,2.5156853,0.00073211995
5780215100150235925300060103,121.44312,32.801274,STAR,CV,0.00049495517,5.941011e-05
5780217400150235925300060103,121.40119,32.872186,QSO,BROADLINE,1.370806,0.00040208374
5780177000150235925300060103,121.72494,32.583151,STAR,K5 (G_19-24),8.979366e-05,8.638079e-06
5780177800150235925300060103,121.76395,32.656186,QSO,BROADLINE,1.85126,0.00046957016
5780181600150235925300060103,121.92247,32.545296,QSO,BROADLINE,2.1682737,0.0015474113
5780180000150235925300060103,121.69856,32.732049,GALAXY,,0.58700293,0.00020112796
5780184600150235925300060103,121.88025,32.628459,STAR,F3/F5V (30743),0.00011017243,1.0331621e-05
5780193600150235925300060103,121.87196,32.697808,STAR,O8e (188001),5.112838e-05,3.2955584e-05
5780194600150235925300060103,121.88389,32.747221,QSO,BROADLINE,1.9323254,0.0012330962
5780225500150235925300060103,121.41599,32.926876,QSO,BROADLINE,0.8645463,0.00016606001
5780243400150235925300060103,121.55327,33.087213,QSO,BROADLINE,2.301402,0.00061896484
5780234800150235925300060103,121.61022,33.042428,STAR,F3/F5V (30743),0.0009423341,1.0587898e-05
5780198000150235925300060103,121.73702,32.85522,STAR,G8V (101501),0.000107624684,7.4572886e-06
5780198200150235925300060103,121.79055,32.847493,QSO,BROADLINE,1.1743963,0.0006115024
5780230700150235925300060103,121.74305,32.917145,GALAXY,,0.0,0.0
5780196000150235925300060103,121.93981,32.83739,QSO,BROADLINE,0.8743781,0.00022600425
5782011800150235925300060103,120.73257,33.36168,STAR,Ldwarf,-4.2105436e-05,1.6855622e-05
5781986400150235925300060103,120.87276,33.410289,QSO,BROADLINE,1.7289431,0.0008619976
5781997900150235925300060103,121.02268,33.460848,QSO,BROADLINE,3.0302684,0.0029932102
5781984100150235925300060103,121.03952,33.294078,QSO,BROADLINE,1.8835244,0.00199742
5781977200150235925300060103,121.14445,33.268195,QSO,BROADLINE,2.516977,0.0018853386
5781989700150235925300060103,121.15489,33.294947,QSO,BROADLINE,2.34045,0.0017397623
5781995000150235925300060103,121.15085,33.369568,QSO,BROADLINE,1.4550372,0.00066409376
5781995500150235925300060103,121.15935,33.398129,STAR,F3/F5V (30743),-0.0005338617,9.462611e-06
5781990300150235925300060103,121.25118,33.384029,QSO,BROADLINE,2.349297,0.0005048957
5782037200150235925300060103,120.82104,33.800782,QSO,BROADLINE,0.62478113,0.0001614445
5782029000150235925300060103,120.98863,33.693962,STAR,WDhotter,-6.777229e-05,2.4028886e-05
5781998400150235925300060103,121.04455,33.531615,STAR,M1 (204445),-0.00016379019,1.2656536e-05
5781998500150235925300060103,121.04296,33.56039,GALAXY,,0.0,0.0
5781996800150235925300060103,121.23096,33.507644,QSO,,1.6323605,0.00084165036
5782033400150235925300060103,121.04005,33.793217,QSO,BROADLINE,1.3278859,0.0006891051
5782004800150235925300060103,121.17791,33.726718,STAR,F3/F5V (30743),-0.0005704335,1.4369013e-05
5782004200150235925300060103,121.23417,33.698454,QSO,BROADLINE,0.7935937,0.000110662375
5780244100150235925300060103,121.50719,33.169708,QSO,BROADLINE,3.0533054,0.0014996656
5780243500150235925300060103,121.562,33.121957,QSO,BROADLINE,1.7942847,0.0010283752
5780239700150235925300060103,121.70584,33.096271,STAR,F3/F5V (30743),-8.618557e-05,7.300138e-06
5780239300150235925300060103,121.89816,33.203468,QSO,BROADLINE,1.3374373,0.0007347004
5780292100150235925300060103,121.99671,33.189021,STAR,F3/F5V (30743),0.00088538736,6.951878e-06
5781993400150235925300060103,121.40251,33.524268,STAR,F0IV (81937),-0.00054469303,1.0078225e-05
5781992600150235925300060103,121.5721,33.508422,STAR,F3/F5V (30743),-1.4721581e-05,1.01221285e-05
5781994200150235925300060103,121.44265,33.579588,QSO,BROADLINE,1.7994663,0.0019567227
5782001900150235925300060103,121.42128,33.655131,STAR,M6III (148783),-0.00026963564,3.709953e-05
5782046100150235925300060103,121.66033,33.547483,QSO,BROADLINE,1.6360445,0.000273774
5782046900150235925300060103,121.57442,33.616432,STAR,K3V (32147),0.00011409316,1.4237088e-05
5782048900150235925300060103,121.58933,33.642308,STAR,WDhotter,0.00010524865,7.092351e-05
5782047100150235925300060103,121.61025,33.634705,STAR,WDhotter,-0.00011746279,5.918445e-05
5780251700150235925300060103,121.69077,33.445144,QSO,,1.9471349,-1.0
5780301100150235925300060103,121.78804,33.424062,STAR,A9V (154660),-0.000120988836,0.00021624853
5780301500150235925300060103,121.83821,33.482631,QSO,BROADLINE,3.037125,0.0009415955
5782150100150235925300060103,120.49029,33.973261,QSO,BROADLINE,1.8683947,0.0034018846
5782151200150235925300060103,120.50009,34.06185,QSO,BROADLINE,1.3182586,0.00034759357
5782148500150235925300060103,120.5519,33.937609,STAR,F0IV (81937),0.00051775837,1.1795251e-05
5782150700150235925300060103,120.55667,34.023722,QSO,BROADLINE,1.2061542,0.00024023752
5782149100150235925300060103,120.69226,33.988962,GALAXY,,0.0,0.0
5782149200150235925300060103,120.67096,34.035762,QSO,BROADLINE,0.7807423,0.00010448857
5782149800150235925300060103,120.65667,34.079528,QSO,BROADLINE,1.1226721,0.00016008402
5782041200150235925300060103,120.79937,33.987782,QSO,BROADLINE,1.157459,0.00033678414
5782042100150235925300060103,120.91417,33.938605,QSO,BROADLINE,1.2696613,0.0006051974
5782041900150235925300060103,120.98806,33.922305,STAR,CV,-0.0001480058,0.00013163681
5782149700150235925300060103,120.70522,34.092277,GALAXY,,0.0,0.0
5782153600150235925300060103,120.76377,34.090159,QSO,BROADLINE,1.2253414,0.0005322067
5782043600150235925300060103,120.99934,34.044196,QSO,,0.9188591,0.0013825257
5782034700150235925300060103,121.04661,33.823355,QSO,BROADLINE,1.9895617,0.0009069715
5782045500150235925300060103,120.88902,34.165515,STAR,WDhotter,5.9489525e-05,0.00011865388
5782045100150235925300060103,120.9777,34.121778,QSO,BROADLINE,1.9985485,0.00055119465
5782045700150235925300060103,120.93659,34.218231,QSO,BROADLINE,1.7798542,0.0014662275
5782221900150235925300060103,121.00579,34.299858,GALAXY,,0.0,0.0
5782044200150235925300060103,121.0529,34.080838,QSO,BROADLINE,1.9216975,0.0013100607
5782089200150235925300060103,121.34812,34.092725,STAR,F3/F5V (30743),-0.00047130694,1.1050308e-05
5782099300150235925300060103,121.05319,34.259547,GALAXY,,0.46741387,6.714422e-05
5782091100150235925300060103,121.27656,34.172666,QSO,BROADLINE,1.9774671,0.0014897374
5782059600150235925300060103,121.38725,33.819443,QSO,BROADLINE,1.5040796,0.00072402647
5782050400150235925300060103,121.65735,33.774389,QSO,BROADLINE,0.9019917,0.00021869007
5782058900150235925300060103,121.54972,33.871041,QSO,BROADLINE,1.9190748,0.00079038925
5782051000150235925300060103,121.65742,33.839253,STAR,G4V (32923),0.00014484974,8.484457e-06
5782048100150235925300060103,121.77002,33.701817,STAR,F0IV (81937),0.0002042071,1.050637e-05
5780302900150235925300060103,121.90175,33.565606,QSO,BROADLINE,2.8445551,0.0017833939
5780307200150235925300060103,121.90025,33.65375,STAR,F3/F5V (30743),0.00014886649,9.690125e-06
11753447100150235925300060103,121.70599,33.802028,QSO,BROADLINE,1.2316115,0.00061229005
5782052700150235925300060103,121.75997,33.770591,STAR,F9IV (136064),9.817824e-06,1.555548e-05
5780306000150235925300060103,121.97526,33.668542,QSO,BROADLINE,0.72063816,0.00011859105
5780308800150235925300060103,121.97055,33.792368,QSO,BROADLINE,0.95096546,0.00021576774
5782061100150235925300060103,121.49629,33.977432,QSO,BROADLINE,1.1581061,0.00050575286
5782062600150235925300060103,121.58624,33.953032,STAR,WDhotter,-1.0675362e-05,0.00010398049
5782061600150235925300060103,121.6583,33.895816,STAR,K0V (10780),0.00028698333,6.8310555e-06
5782061800150235925300060103,121.6563,33.919467,STAR,M5III (221615),0.0003464251,3.263343e-05
5782063600150235925300060103,121.58452,34.002978,GALAXY,STARFORMING,0.13931428,2.4766736e-05
5782063000150235925300060103,121.6695,34.005622,STAR,F3/F5V (30743),0.000111657064,9.394928e-06
5782091600150235925300060103,121.44536,34.101668,QSO,BROADLINE,2.595837,-1.0
5782064400150235925300060103,121.63389,34.076865,STAR,F0IV (81937),0.00047119567,6.1058086e-06
5782076700150235925300060103,121.81296,34.085525,STAR,F3/F5V (30743),-0.0001527252,1.022974e-05
5782069200150235925300060103,121.94508,34.046357,QSO,,2.7120059,0.0012103751
5782066900150235925300060103,121.9913,34.041384,STAR,M3III (44478),0.00035154843,1.1132365e-05
5782098200150235925300060103,121.22277,34.287329,GALAXY,,0.0,0.0
5782094200150235925300060103,121.4077,34.242102,STAR,F3/F5V (30743),0.00011759985,1.0050841e-05
5782064700150235925300060103,121.7216,34.140385,QSO,BROADLINE,1.7431167,0.0006278406
5782079900150235925300060103,121.74637,34.250768,STAR,WDhotter,-0.0002042809,3.060555e-05
5782069300150235925300060103,121.96681,34.072982,QSO,BROADLINE,2.2305224,0.0011801887
5782071600150235925300060103,121.99361,34.197504,STAR,A9V (154660),-0.00033918425,0.00016351536
5780076700150235925300060103,122.09342,32.437232,STAR,F3/F5V (30743),0.0005949475,1.094831e-05
5780077600150235925300060103,122.16658,32.462333,QSO,BROADLINE,2.1697927,0.0035922278
5780076100150235925300060103,122.25837,32.489156,QSO,BROADLINE,2.3706682,0.0023671808
5780183200150235925300060103,122.09762,32.625501,STAR,WDhotter,0.00019700939,9.397121e-05
5780082000150235925300060103,122.27829,32.586385,STAR,A4V (97603),0.0005021981,1.4877688e-05
5780069300150235925300060103,122.47745,32.387542,STAR,WDhotter,-0.00027326762,2.6021571e-05
5780071400150235925300060103,122.43272,32.413155,QSO,,2.0867395,-1.0
5780069600150235925300060103,122.53022,32.387983,QSO,BROADLINE,0.8383222,0.00013891302
5780072200150235925300060103,122.40274,32.495596,QSO,BROADLINE,1.8022774,0.00033263536
5780072000150235925300060103,122.44714,32.473406,STAR,WDcooler,8.057195e-05,6.478244e-05
5780080600150235925300060103,122.43416,32.599107,QSO,BROADLINE,1.8621805,0.0008893705
5780070200150235925300060103,122.62561,32.418059,QSO,BROADLINE,0.7298943,7.842583e-05
5780072800150235925300060103,122.52578,32.528992,QSO,BROADLINE,2.2947493,0.0018733866
5780071200150235925300060103,122.61695,32.504612,GALAXY,,0.0,0.0
5780187400150235925300060103,122.14694,32.716557,QSO,BROADLINE,1.3706846,0.00030608763
5780190200150235925300060103,122.13098,32.760801,QSO,BROADLINE,2.4164486,0.0014802162
5780082600150235925300060103,122.24566,32.662478,STAR,F3/F5V (30743),-0.00016894599,8.94815e-06
5780199000150235925300060103,122.01365,32.862645,QSO,BROADLINE,0.63261575,0.00018668658
5780193200150235925300060103,122.14711,32.923994,QSO,BROADLINE,1.5983396,0.0002992644
5780201200150235925300060103,122.13967,32.954574,QSO,BROADLINE,1.6150675,0.0005530624
5780252800150235925300060103,122.29442,32.901788,QSO,BROADLINE,1.122007,0.00013918399
5780135300150235925300060103,122.47736,32.686344,QSO,BROADLINE,2.0196686,0.0005652971
5780126600150235925300060103,122.58592,32.579313,QSO,BROADLINE,1.1295071,0.0005818515
5780134600150235925300060103,122.54506,32.657848,QSO,BROADLINE,1.2407684,0.00039196518
5780252500150235925300060103,122.38871,32.875694,QSO,BROADLINE,1.5243262,0.00027299745
5780136500150235925300060103,122.56018,32.815392,STAR,WDhotter,-4.0605402e-05,6.192596e-05
5780031500150235925300060103,122.87205,32.234968,QSO,BROADLINE,1.1430765,0.000772232
5780087000150235925300060103,122.94264,32.22915,STAR,F3/F5V (30743),-0.00033397946,2.1281916e-05
5780095900150235925300060103,122.84826,32.404192,QSO,BROADLINE,1.9947067,0.00055393885
5780124900150235925300060103,122.72915,32.579836,STAR,M5III (221615),-0.000120469806,3.9962673e-05
5780097600150235925300060103,122.89858,32.494961,QSO,BROADLINE,1.088476,0.00046724477
5780129000150235925300060103,122.72858,32.743284,STAR,M1 (204445),0.00026836817,8.034277e-05
5780131000150235925300060103,122.77514,32.719758,QSO,BROADLINE,1.1214699,8.91949e-05
5780130200150235925300060103,122.84947,32.736693,QSO,BROADLINE,1.7138698,0.00051813
5780100700150235925300060103,123.00136,32.606963,QSO,BROADLINE,1.8239565,0.0014560332
5780102000150235925300060103,122.96908,32.683519,QSO,BROADLINE,2.2096734,0.0005134412
5780102300150235925300060103,123.0226,32.680701,STAR,F3/F5V (30743),0.00011066904,8.4362655e-06
5780102200150235925300060103,123.08431,32.660985,QSO,BROADLINE,2.418239,0.0014957818
5780204400150235925300060103,122.00724,33.002554,QSO,BROADLINE,1.889504,0.00025091384
5780263600150235925300060103,122.19291,33.026647,QSO,BROADLINE,1.8554497,0.0016813827
5780265300150235925300060103,122.10879,33.147735,STAR,M6III (148783),-0.0001756791,4.8200065e-05
5780256000150235925300060103,122.41485,33.048626,QSO,,1.3324256,0.0014359399
5780257300150235925300060103,122.53505,33.029075,QSO,BROADLINE,1.6277765,0.0007585977
5780143900150235925300060103,122.60801,32.981699,QSO,BROADLINE,1.0949478,0.00034559105
5780144000150235925300060103,122.60662,33.008111,STAR,WDhotter,-6.691613e-06,7.810609e-05
5780144500150235925300060103,122.62271,33.063345,QSO,BROADLINE,0.81247807,0.00036801863
5780292500150235925300060103,122.01299,33.261133,QSO,,0.8312512,0.00029497454
5780293200150235925300060103,122.06963,33.308266,QSO,BROADLINE,0.7690904,8.695994e-05
5780296900150235925300060103,122.18958,33.453195,QSO,BROADLINE,2.5325267,0.001883651
5780261600150235925300060103,122.54328,33.207603,QSO,BROADLINE,2.6240864,0.0008731942
5780141600150235925300060103,122.79342,32.975245,STAR,F0IV (81937),0.00013391844,9.025279e-06
5780103000150235925300060103,123.0048,32.716175,QSO,BROADLINE,0.84351003,0.00011021276
5780145400150235925300060103,123.06109,32.892304,STAR,F6V (16673),6.587809e-05,7.875115e-06
5780144200150235925300060103,122.72049,33.08247,QSO,BROADLINE,1.8165897,0.0012387716
5780153600150235925300060103,122.79962,33.078735,STAR,M4.5:III (123657),6.506438e-05,3.1826516e-05
5780273200150235925300060103,122.75078,33.27507,QSO,BROADLINE,1.4752696,0.0005599881
5780156700150235925300060103,122.83204,33.22442,QSO,BROADLINE,1.2650254,0.0005716083
5780147400150235925300060103,123.09299,32.996191,QSO,BROADLINE,0.97941947,0.00012543713
5780150400150235925300060103,123.05978,33.082281,QSO,BROADLINE,1.3323247,0.0009307175
5780149800150235925300060103,123.09147,33.080992,GALAXY,,0.57679945,0.00013033155
5780307800150235925300060103,122.02519,33.726729,STAR,CalciumWD,-0.0010189731,6.2819195
5780271900150235925300060103,122.3576,33.480119,STAR,F0IV (81937),-0.00046842062,8.787169e-06
5780284300150235925300060103,122.456,33.421644,STAR,K1IVa (142091),-4.1982017e-05,8.13769e-06
5780284000150235925300060103,122.54648,33.429634,QSO,BROADLINE,2.4955285,0.0033134301
5780284600150235925300060103,122.50096,33.469974,QSO,BROADLINE,2.155354,0.0008740591
5780284800150235925300060103,122.56246,33.475078,QSO,BROADLINE,2.215033,0.0020326965
5780324800150235925300060103,122.03301,33.839757,STAR,M6III (148783),6.47231e-05,4.6401314e-05
5780324500150235925300060103,122.1877,33.855933,STAR,F3/F5V (30743),0.00053791614,9.532356e-06
5780314700150235925300060103,122.3116,33.781945,QSO,BROADLINE,1.6124177,0.00073699444
5780326000150235925300060103,122.11004,33.950187,STAR,F3/F5V (30743),-0.00070233253,8.183699e-06
5780325900150235925300060103,122.13571,33.928912,STAR,G8V (101501),0.0003296265,8.083997e-06
5780311200150235925300060103,122.45989,33.71381,QSO,BROADLINE,1.1725891,0.0006192284
5780314000150235925300060103,122.38795,33.744681,QSO,BROADLINE,1.7508205,0.0005272219
5780314200150235925300060103,122.39306,33.78188,QSO,BROADLINE,1.3227718,0.0002515308
5780314100150235925300060103,122.41388,33.761904,STAR,B3Ib/II (51309),-0.00044046083,8.382891e-05
5780290100150235925300060103,122.62051,33.692805,STAR,F0IV (81937),0.0011536515,1.3162136e-05
5780315100150235925300060103,122.34045,33.821304,QSO,BROADLINE,2.0136812,0.0011366593
5780317400150235925300060103,122.45439,33.800331,QSO,BROADLINE,1.5419471,0.0010717417
5780316400150235925300060103,122.57255,33.795999,QSO,BROADLINE,0.89628947,0.00010040446
5780318300150235925300060103,122.60669,33.860679,QSO,,1.7535692,0.0010418263
5780275400150235925300060103,122.68165,33.334254,QSO,BROADLINE,2.391504,0.0009524302
5780275000150235925300060103,122.75736,33.384969,QSO,BROADLINE,1.0137405,0.000318954
5780273700150235925300060103,122.83684,33.331373,STAR,G1V (95128),0.000119916585,8.832994e-06
5780278500150235925300060103,122.82205,33.425949,STAR,M5III (221615),0.00016550598,1.8881023e-05
5780288000150235925300060103,122.68639,33.672043,STAR,F3/F5V (30743),0.00046912473,1.1150288e-05
5780282600150235925300060103,122.81267,33.580903,QSO,BROADLINE,1.5715728,0.0008396354
5780291000150235925300060103,122.68386,33.753988,QSO,BROADLINE,2.0872881,0.0008870265
5780289400150235925300060103,122.73719,33.727323,QSO,BROADLINE,2.6492372,0.0020718395
5780291200150235925300060103,122.72384,33.789904,STAR,F0IV (81937),-0.00018906969,8.5870815e-06
5782072600150235925300060103,122.0932,34.149497,QSO,BROADLINE,1.6711648,0.0008373844
5782072000150235925300060103,122.15963,34.103758,QSO,BROADLINE,0.8009014,0.00016044875
5782072400150235925300060103,122.12802,34.142777,QSO,BROADLINE,1.650555,0.0012454819
5780328700150235925300060103,122.2064,34.009982,QSO,BROADLINE,3.190617,0.002607046
5782072100150235925300060103,122.2003,34.118484,STAR,F3/F5V (30743),-4.4020126e-06,1.1961482e-05
5757072300150235925300060103,120.44179,31.750735,QSO,,0.88665307,0.00015376018
12364735100150235925300060103,121.29242,31.454445,GALAXY,,0.0,0.0
11807841700150235925300060103,120.08429,31.903901,QSO,BROADLINE,1.6579994,0.00057809957
2991276700150235925300060103,120.67799,31.976987,QSO,BROADLINE,0.54381406,0.0002071234
11993418000150235925300060103,120.28476,32.124309,QSO,BROADLINE,2.2922301,0.0027939605
2991293000150235925300060103,119.75502,32.700716,QSO,BROADLINE,1.3171873,0.0007932202
2991295100150235925300060103,119.66303,32.859301,GALAXY,,0.33728158,4.5567835e-05
2991296300150235925300060103,119.62491,33.01891,QSO,BROADLINE,2.3189368,0.004834988
12090506400150235925300060103,119.72654,32.83587,QSO,,1.5929377,0.001788219
12090499900150235925300060103,119.7112,32.945719,QSO,,0.33662352,5.833764e-05
2991299700150235925300060103,119.84099,32.998247,GALAXY,STARFORMING,0.18285772,4.4360775e-05
2991300200150235925300060103,119.91283,32.924782,QSO,BROADLINE,2.1808195,0.0002820007
5759791200150235925300060103,119.97085,32.912877,QSO,BROADLINE,0.74177414,0.00015015299
2991301000150235925300060103,119.95691,32.935607,QSO,,1.1415874,0.00048095643
12179003400150235925300060103,120.61752,32.294687,GALAXY,,0.0,0.0
11906919000150235925300060103,120.12869,32.796012,GALAXY,,0.0,0.0
5759749400150235925300060103,120.24883,32.714471,QSO,BROADLINE,1.6322575,0.00045004816
11807785100150235925300060103,122.52481,31.968073,QSO,,1.448916,0.0012372945
12461904100150235925300060103,119.75184,33.446721,QSO,,1.3667115,0.0014045722
11906918500150235925300060103,120.55368,33.185002,QSO,BROADLINE,1.6502087,0.0018853218
12463895300150235925300060103,120.64452,33.775133,QSO,,1.6889157,0.0010169764
2992296200150235925300060103,120.79286,32.993548,GALAXY,AGN,0.2485432,3.693221e-05
2992297200150235925300060103,120.9345,32.925729,QSO,BROADLINE,2.5647113,0.0014687671
12278206600150235925300060103,120.73476,33.113717,QSO,,1.9770768,0.0011158214
2992300600150235925300060103,120.84624,33.089902,QSO,,0.7913042,6.169675e-05
12278086100150235925300060103,121.4467,33.384673,QSO,BROADLINE,0.999942,0.00045433242
2992321400150235925300060103,121.60604,33.325936,QSO,BROADLINE,1.3791263,0.00029938732
12092428800150235925300060103,121.5193,33.639931,QSO,BROADLINE,1.6607047,0.001321487
2992324800150235925300060103,121.57145,33.543345,QSO,,1.125544,0.00078632403
12092539300150235925300060103,120.92618,34.051523,QSO,BROADLINE,1.9905524,0.002527274
12278081800150235925300060103,120.96504,34.288653,QSO,BROADLINE,1.6598063,0.0019457537
12278086000150235925300060103,121.59884,33.891692,QSO,,0.45365152,0.0002881374
12092429000150235925300060103,121.73404,33.786006,QSO,,0.9884502,0.00014526285
11906796600150235925300060103,121.82703,34.255256,QSO,BROADLINE,2.5964155,0.0025902672
12278080600150235925300060103,121.84203,34.231773,QSO,BROADLINE,2.158639,-1.0
5780082700150235925300060103,122.2232,32.656802,QSO,BROADLINE,2.2770617,0.0019442595
2992415800150235925300060103,122.38642,33.101568,QSO,STARBURST BROADLINE,0.42808917,4.4732158e-05
2992420200150235925300060103,122.71468,32.881064,QSO,BROADLINE,0.70709586,0.00021674472
2992422500150235925300060103,122.83104,32.96169,QSO,BROADLINE,1.7160685,0.0017510491
2992426500150235925300060103,122.99093,33.075817,QSO,,1.1701005,0.00093041343
12278118100150235925300060103,122.14548,33.840145,QSO,BROADLINE,1.9494883,0.0006660684
12461904700150235925300060103,119.64617,32.647689,QSO,,0.00011352561,0.00010652382
5759793200150235925300060103,119.74407,32.989222,QSO,,1.0742608,0.00017172018
5759791000150235925300060103,119.90166,32.951892,GALAXY,STARFORMING,0.10932934,1.8452143e-05
11905131600150235925300060103,119.92734,32.948622,GALAXY,STARFORMING,0.3838234,6.1098115e-05
5759766900150235925300060103,120.72675,32.956791,QSO,BROADLINE,0.56199765,0.00030657937
5759761200150235925300060103,120.7494,32.91526,QSO,STARBURST BROADLINE,0.3778365,8.42092e-05
12463896600150235925300060103,120.93316,32.947702,GALAXY,,0.4102491,6.219468e-05
4083606400150235925300060103,121.95786,31.661669,QSO,,1.9730967,0.0033824588
4083615600150235925300060103,121.15723,31.474234,QSO,,-0.0028572674,0.00054710027
4083655600150235925300060103,120.69855,31.608273,QSO,,0.0043850983,0.00082695024
4083675300150235925300060103,120.33325,31.693174,QSO,,0.6406841,5.9904552e-05
4083680400150235925300060103,120.25772,31.894781,QSO,,0.0001968074,0.00026629574
4083687300150235925300060103,121.18607,31.763069,QSO,,1.345596,0.00044010847
4083699300150235925300060103,121.54449,32.033557,QSO,,0.0049621654,0.0008316171
4083701100150235925300060103,121.53213,32.178052,STAR,A5Ia (17378),-0.0011897668,0.00014921952
4083711600150235925300060103,120.69855,32.019807,QSO,,0.77884203,0.00041125348
4083732400150235925300060103,120.95398,32.668295,GALAXY,,0.53264344,0.00020287558
4084770500150235925300060103,119.90341,32.318638,QSO,,-0.0036774124,-6.0
4084800100150235925300060103,120.43213,32.400057,QSO,,1.4816754,0.0006571058
4084816300150235925300060103,120.45273,32.766665,QSO,,-0.0016414701,0.00091196503
4084819000150235925300060103,120.58731,32.958176,QSO,,1.2673333,0.0019583441
4084820700150235925300060103,120.59418,33.026276,QSO,,0.005816107,0.00066158717
4084822500150235925300060103,119.89105,32.565883,QSO,,1.1963089,0.0012262411
4084828000150235925300060103,120.09567,32.92484,QSO,,1.158395,0.00051217206
4084837200150235925300060103,120.10666,33.019325,QSO,,1.9195467,0.0014083589
4084901800150235925300060103,119.77982,33.088864,GALAXY,,0.0018181636,6.482268e-05
4084917100150235925300060103,119.7496,33.389906,QSO,,-0.0015549615,0.00046654665
4092266900150235925300060103,122.54562,32.22489,GALAXY,,0.0,0.0
4092271600150235925300060103,121.96472,31.901646,STAR,O9.5Iae (30614),-0.004136132,-1.0
4092286400150235925300060103,122.54425,32.366929,QSO,,0.29136726,0.0005951012
4092324700150235925300060103,122.94937,32.73063,QSO,,0.8439418,0.0007979678
4092326900150235925300060103,122.93838,32.885964,QSO,,0.58140916,0.00012337309
4092330400150235925300060103,122.49619,32.938729,GALAXY,,0.16213475,9.032695e-05
4092330500150235925300060103,122.52228,32.956787,GALAXY,,0.291901,0.00024411733
4092353700150235925300060103,121.54449,32.424912,QSO,,1.6656728,0.0006591139
4092354300150235925300060103,121.54175,32.493987,QSO,,0.9275131,0.0009676882
4092360000150235925300060103,122.01141,32.582482,GALAXY,,0.0391748,4.1353305e-05
4092361700150235925300060103,122.04163,32.709846,GALAXY,,0.008830658,5.7794692e-05
4092383800150235925300060103,121.15723,32.967902,GALAXY,,0.30153066,0.00027865576
4092387700150235925300060103,121.64886,33.143142,QSO,,0.009252831,-1.0
4092412800150235925300060103,122.69257,33.44996,QSO,,-0.003447974,-1.0
4092420000150235925300060103,122.69531,33.612175,QSO,,0.43376347,3.7431146e-05
4092426000150235925300060103,122.17346,33.39968,GALAXY,,0.20486507,6.104271e-05
4092426400150235925300060103,122.13638,33.395491,QSO,,-0.00010337501,0.0002749716
4092442300150235925300060103,122.27371,33.809761,GALAXY,,0.15773329,0.00015742476
4092447100150235925300060103,122.31354,34.055629,QSO,,-0.0043654097,-1.0
4093464400150235925300060103,120.96771,32.862369,QSO,,2.8441472,-1.0
4093483700150235925300060103,121.1586,33.420626,QSO,,0.8657617,0.0012461698
4093488200150235925300060103,121.37695,33.746652,STAR,G0 (G_101-29),-0.0035981534,0.00016010998
4093503700150235925300060103,120.92239,33.68359,QSO,,-0.001014991,0.00012512112
4093513800150235925300060103,120.90729,34.030307,QSO,,2.011226,0.001470553
4093516400150235925300060103,121.62277,33.672383,GALAXY,,0.013092741,1.5902111e-05
4093535000150235925300060103,121.81778,34.200673,QSO,,0.30118218,6.492152e-05
4093536400150235925300060103,121.80817,34.247197,QSO,,-0.0023669442,0.0003171239
4093541400150235925300060103,121.40305,34.104888,QSO,,0.008425605,0.0008616834
4093570800150235925300060103,120.4184,33.881341,GALAXY,,0.07784395,0.29024175
4093571500150235925300060103,120.40878,33.99515,QSO,,-0.0010752097,0.00021482607
